prompt_id,novel,n_target,delta_init,S_total,s_mean,s_std,s_max,s_p90,k_crit,k_crit_eta,feasible_k0.15,feasible_eta_k0.15,pred_frac_k0.15,paid_frac_k0.15,forced_open_k0.15,recall_k0.15,feasible_k0.5,feasible_eta_k0.5,pred_frac_k0.5,paid_frac_k0.5,forced_open_k0.5,recall_k0.5,feasible_k1,feasible_eta_k1,pred_frac_k1,paid_frac_k1,forced_open_k1,recall_k1,feasible_k3,feasible_eta_k3,pred_frac_k3,paid_frac_k3,forced_open_k3,recall_k3,feasible_k5,feasible_eta_k5,pred_frac_k5,paid_frac_k5,forced_open_k5,recall_k5,feasible_k10,feasible_eta_k10,pred_frac_k10,paid_frac_k10,forced_open_k10,recall_k10,feasible_k20,feasible_eta_k20,pred_frac_k20,paid_frac_k20,forced_open_k20,recall_k20
bookmia.00.11,1984,248,11.672,616.74,2.4869,2.4586,13.146,5.728,13.1567,12.3151,0,0,0.0,0.0847,95,0.0,0,0,0.0,0.2177,31,0.0,0,0,0.0,0.3911,12,0.0,0,0,0.9637,0.9758,4,0.5297,0,0,0.9919,0.9919,2,0.9109,0,0,0.996,0.996,1,0.9109,1,1,1.0,1.0,0,0.9109
bookmia.00.26,1984,243,8.766,725.71,2.9865,2.5592,12.461,6.549,11.7466,10.7554,0,0,0.0,0.0576,70,0.0,0,0,0.0,0.1399,20,0.0,0,0,0.0,0.2963,13,0.0,0,0,0.9012,0.9547,5,0.0,0,0,0.9918,0.9918,2,0.0,0,0,0.9959,0.9959,1,0.8768,1,1,1.0,1.0,0,0.8768
bookmia.00.31,1984,241,9.736,695.33,2.8852,2.486,12.466,6.735,10.5799,9.8024,0,0,0.0,0.0332,104,0.0,0,0,0.0,0.1411,25,0.0,0,0,0.0,0.3029,10,0.0,0,0,0.9834,0.9834,4,0.0,0,0,0.9917,0.9917,2,0.0,0,1,0.9959,0.9959,1,0.0,1,1,1.0,1.0,0,0.0
bookmia.00.40,1984,260,10.906,760.25,2.924,2.584,14.116,6.476,12.6169,11.7527,0,0,0.0,0.0769,75,0.0,0,0,0.0,0.2077,22,0.0,0,0,0.0,0.3423,11,0.0,0,0,0.7538,0.9346,9,0.0,0,0,0.9846,0.9846,4,0.0,0,0,0.9923,0.9923,2,0.0,1,1,1.0,1.0,0,0.2892
bookmia.00.46,1984,253,10.259,800.93,3.1657,2.7738,14.93,6.556,10.2971,9.6002,0,0,0.0,0.0711,88,0.0,0,0,0.0,0.1818,22,0.0,0,0,0.0,0.2767,22,0.0,0,0,0.8103,0.9328,4,0.0,0,0,0.9289,0.9763,4,0.0,0,1,0.996,0.996,1,0.0,1,1,1.0,1.0,0,0.0
bookmia.00.48,1984,257,10.125,785.21,3.0553,2.6147,11.406,7.033,12.3829,11.4639,0,0,0.0,0.0739,69,0.0,0,0,0.0,0.1518,21,0.0,0,0,0.0,0.2879,10,0.0,0,0,0.8171,0.9261,6,0.0,0,0,0.9922,0.9922,2,0.0,0,0,0.9961,0.9961,1,0.0,1,1,1.0,1.0,0,0.77
bookmia.00.64,1984,256,9.228,714.04,2.7892,2.4336,10.473,6.671,19.0766,17.3986,0,0,0.0,0.0508,70,0.0,0,0,0.0,0.1445,20,0.0,0,0,0.0,0.3047,9,0.0,0,0,0.7422,0.9531,3,0.0,0,0,0.9883,0.9883,3,0.0,0,0,0.9961,0.9961,1,0.0,1,1,1.0,1.0,0,0.0
bookmia.00.71,1984,266,10.658,837.9,3.15,2.785,15.517,7.165,11.0438,10.3121,0,0,0.0,0.0752,72,0.0,0,0,0.0,0.1917,28,0.0,0,0,0.0,0.2632,22,0.0,0,0,0.5865,0.8835,6,0.0,0,0,0.9812,0.9812,5,0.3897,0,0,0.9962,0.9962,1,0.3897,1,1,1.0,1.0,0,0.3897
bookmia.01.00,a_game_of_thrones,270,10.25,853.23,3.1601,2.8745,16.315,7.171,15.8434,14.5909,0,0,0.0,0.0963,75,0.0,0,0,0.0,0.2222,33,0.0,0,0,0.0,0.3481,13,0.0,0,0,0.5333,0.8519,5,0.0,0,0,0.9741,0.9815,4,0.0,0,0,0.9963,0.9963,1,0.0,1,1,1.0,1.0,0,0.0
bookmia.01.01,a_game_of_thrones,282,12.855,909.18,3.2241,2.987,15.126,7.507,13.3687,12.6242,0,0,0.0,0.0745,86,0.0,0,0,0.0,0.1809,28,0.0,0,0,0.0,0.3156,15,0.0,0,0,0.6525,0.8901,10,0.0,0,0,0.9645,0.9752,4,0.1429,0,0,0.9894,0.9929,1,0.0,1,1,1.0,1.0,0,0.2488
bookmia.01.02,a_game_of_thrones,266,11.814,920.57,3.4608,2.8749,14.241,7.922,21.0769,19.4575,0,0,0.0,0.0414,88,0.0,0,0,0.0,0.094,61,0.0,0,0,0.0,0.2143,19,0.0,0,0,0.3534,0.8459,4,0.0,0,0,0.9925,0.9925,2,0.0,0,0,0.9925,0.9925,2,0.0,0,1,0.9962,0.9962,1,1.0
bookmia.01.03,a_game_of_thrones,254,9.826,815.34,3.21,2.6606,13.201,7.154,11.733,10.8492,0,0,0.0,0.0551,68,0.0,0,0,0.0,0.1457,36,0.0,0,0,0.0,0.248,19,0.0,0,0,0.0,0.8228,3,0.0,0,0,0.9921,0.9921,2,0.0,0,0,0.9961,0.9961,1,0.7778,1,1,1.0,1.0,0,0.2778
bookmia.01.04,a_game_of_thrones,257,9.914,889.68,3.4618,2.8458,14.765,7.319,12.7047,11.7325,0,0,0.0,0.0428,88,0.0,0,0,0.0,0.1206,39,0.0,0,0,0.0,0.2179,10,0.0,0,0,0.3346,0.8016,3,0.0,0,0,0.9883,0.9883,3,0.0,0,0,0.9961,0.9961,1,0.0,1,1,1.0,1.0,0,0.2754
bookmia.01.07,a_game_of_thrones,258,8.541,925.32,3.5865,2.8917,13.13,7.308,12.1059,11.0321,0,0,0.0,0.0349,66,0.0,0,0,0.0,0.1124,20,0.0,0,0,0.0,0.2403,12,0.0,0,0,0.1008,0.7597,8,0.0,0,0,0.9535,0.9806,3,0.0,0,0,0.9884,0.9884,3,0.0986,1,1,1.0,1.0,0,0.5352
bookmia.01.10,a_game_of_thrones,263,11.188,848.71,3.227,2.8059,14.209,7.312,12.144,11.3552,0,0,0.0,0.0608,86,0.0,0,0,0.0,0.1483,23,0.0,0,0,0.0,0.2548,11,0.0,0,0,0.5285,0.8935,7,0.0,0,0,0.9734,0.9848,3,0.0,0,0,0.9962,0.9962,1,0.0,1,1,1.0,1.0,0,0.0
bookmia.01.11,a_game_of_thrones,259,9.639,713.61,2.7553,2.5987,15.216,6.056,10.8128,10.0022,0,0,0.0,0.0849,64,0.0,0,0,0.0,0.2201,19,0.0,0,0,0.0,0.3398,15,0.0,0,0,0.9421,0.9498,9,0.0,0,0,0.9923,0.9923,2,0.0,0,0,0.9961,0.9961,1,1.0,1,1,1.0,1.0,0,1.0
bookmia.01.12,a_game_of_thrones,287,9.672,928.69,3.2358,2.9515,17.507,7.201,15.4828,14.2086,0,0,0.0,0.0697,81,0.0,0,0,0.0,0.1847,22,0.0,0,0,0.0,0.2997,22,0.0,0,0,0.4042,0.8815,6,0.0,0,0,0.9895,0.9895,3,0.0,0,0,0.9965,0.9965,1,0.0,1,1,1.0,1.0,0,0.1033
bookmia.01.14,a_game_of_thrones,262,11.607,859.79,3.2816,2.5974,13.971,6.599,17.5615,16.2729,0,0,0.0,0.0496,83,0.0,0,0,0.0,0.1183,56,0.0,0,0,0.0,0.2214,11,0.0,0,0,0.5382,0.855,4,0.0,0,0,0.9885,0.9885,3,0.0,0,0,0.9962,0.9962,1,0.0,1,1,1.0,1.0,0,1.0
bookmia.01.20,a_game_of_thrones,264,11.141,858.71,3.2527,2.8866,13.434,7.167,11.7336,10.9812,0,0,0.0,0.0455,76,0.0,0,0,0.0,0.1742,32,0.0,0,0,0.0,0.3106,13,0.0,0,0,0.6553,0.8939,7,0.0,0,0,0.9583,0.9735,3,0.0,0,0,0.9962,0.9962,1,0.0,1,1,1.0,1.0,0,0.1281
bookmia.01.22,a_game_of_thrones,271,10.442,878.7,3.2424,2.9139,13.243,7.538,10.7269,10.0053,0,0,0.0,0.0775,79,0.0,0,0,0.0,0.1771,22,0.0,0,0,0.0,0.3063,15,0.0,0,0,0.6605,0.9151,5,0.0,0,0,0.9668,0.9779,5,0.0,0,0,0.9963,0.9963,1,0.8905,1,1,1.0,1.0,0,0.8905
bookmia.01.23,a_game_of_thrones,253,9.684,802.93,3.1736,2.7314,12.322,6.993,10.2074,9.4619,0,0,0.0,0.0435,76,0.0,0,0,0.0,0.1502,25,0.0,0,0,0.0,0.2806,10,0.0,0,0,0.7945,0.8972,6,0.0,0,0,0.9921,0.9921,2,0.2663,0,1,0.996,0.996,1,0.2663,1,1,1.0,1.0,0,0.2663
bookmia.01.26,a_game_of_thrones,275,9.762,851.33,3.0958,2.821,16.653,6.894,11.9595,11.0466,0,0,0.0,0.0691,84,0.0,0,0,0.0,0.1745,19,0.0,0,0,0.0,0.3164,19,0.0,0,0,0.6582,0.8655,6,0.0,0,0,0.9491,0.9891,2,0.0,0,0,0.9964,0.9964,1,0.0,1,1,1.0,1.0,0,0.285
bookmia.01.27,a_game_of_thrones,261,9.566,813.62,3.1173,2.8243,13.991,7.172,14.3299,13.1604,0,0,0.0,0.0728,85,0.0,0,0,0.0,0.1724,45,0.0,0,0,0.0,0.295,20,0.0,0,0,0.8238,0.9502,3,0.0,0,0,0.9885,0.9885,3,0.0,0,0,0.9962,0.9962,1,0.0,1,1,1.0,1.0,0,0.9297
bookmia.01.31,a_game_of_thrones,258,9.148,825.98,3.2015,2.8496,13.92,7.647,16.9186,15.4484,0,0,0.0,0.0698,62,0.0,0,0,0.0,0.1667,18,0.0,0,0,0.0,0.3023,11,0.0,0,0,0.7829,0.9031,4,0.0,0,0,0.9845,0.9845,4,0.0,0,0,0.9961,0.9961,1,0.2359,1,1,1.0,1.0,0,0.2359
bookmia.01.32,a_game_of_thrones,260,9.483,902.07,3.4695,3.0251,18.549,7.725,10.2525,9.4824,0,0,0.0,0.05,103,0.0,0,0,0.0,0.1346,27,0.0,0,0,0.0,0.2385,13,0.0,0,0,0.4654,0.7885,5,0.0,0,0,0.9923,0.9923,2,0.0,0,1,0.9962,0.9962,1,0.0,1,1,1.0,1.0,0,0.0
bookmia.01.33,a_game_of_thrones,271,11.947,953.05,3.5168,3.1292,15.935,7.835,15.0538,14.05,0,0,0.0,0.0369,164,0.0,0,0,0.0,0.1328,25,0.0,0,0,0.0,0.2804,12,0.0,0,0,0.4354,0.8192,3,0.0,0,0,0.9594,0.9779,2,0.0,0,0,0.9963,0.9963,1,0.9842,1,1,1.0,1.0,0,0.9842
bookmia.01.36,a_game_of_thrones,262,10.736,849.08,3.2407,2.7235,13.63,6.909,14.0258,13.0037,0,0,0.0,0.0458,76,0.0,0,0,0.0,0.1489,29,0.0,0,0,0.0,0.271,14,0.0,0,0,0.7214,0.9046,4,0.0,0,0,0.9924,0.9924,2,0.4877,0,0,0.9962,0.9962,1,0.8276,1,1,1.0,1.0,0,0.9113
bookmia.01.37,a_game_of_thrones,260,12.664,800.5,3.0789,2.8346,14.259,7.074,17.058,15.9255,0,0,0.0,0.0615,105,0.0,0,0,0.0,0.2038,25,0.0,0,0,0.0,0.3231,19,0.0,0,0,0.8577,0.9154,5,0.0,0,0,0.9385,0.9692,2,0.5585,0,0,0.9962,0.9962,1,0.0,1,1,1.0,1.0,0,0.6649
bookmia.01.39,a_game_of_thrones,259,9.734,912.51,3.5232,2.9947,18.636,7.535,18.7132,17.1221,0,0,0.0,0.027,74,0.0,0,0,0.0,0.0849,34,0.0,0,0,0.0,0.2162,14,0.0,0,0,0.1042,0.7606,4,0.0,0,0,0.9884,0.9884,3,0.0,0,0,0.9961,0.9961,1,0.0,1,1,1.0,1.0,0,0.24
bookmia.01.41,a_game_of_thrones,258,9.756,822.8,3.1892,2.8308,13.258,7.208,19.2588,17.6154,0,0,0.0,0.062,77,0.0,0,0,0.0,0.1938,24,0.0,0,0,0.0,0.2868,23,0.0,0,0,0.7829,0.8953,5,0.0,0,0,0.9922,0.9922,2,0.0,0,0,0.9961,0.9961,1,0.0,1,1,1.0,1.0,0,0.0
bookmia.01.42,a_game_of_thrones,251,12.314,821.53,3.273,2.8572,15.454,7.045,15.8731,14.824,0,0,0.0,0.0438,102,0.0,0,0,0.0,0.1355,32,0.0,0,0,0.0,0.259,15,0.0,0,0,0.741,0.9044,7,0.0,0,0,0.9721,0.9801,2,0.0,0,0,0.996,0.996,1,0.4488,1,1,1.0,1.0,0,0.0
bookmia.01.43,a_game_of_thrones,296,9.584,1073.82,3.6278,2.9571,13.036,7.963,11.3439,10.4748,0,0,0.0,0.0574,94,0.0,0,0,0.0,0.1419,22,0.0,0,0,0.0,0.2736,14,0.0,0,0,0.2264,0.7365,8,0.0,0,0,0.9764,0.9865,2,0.0,0,0,0.9966,0.9966,1,0.0,1,1,1.0,1.0,0,0.0
bookmia.01.44,a_game_of_thrones,274,9.922,926.31,3.3807,3.0582,14.673,7.656,15.1406,13.9256,0,0,0.0,0.0584,80,0.0,0,0,0.0,0.1752,25,0.0,0,0,0.0,0.3066,25,0.0,0,0,0.5949,0.8577,4,0.0,0,0,0.9343,0.9635,4,0.0,0,0,0.9891,0.9891,3,0.0,1,1,1.0,1.0,0,0.2067
bookmia.01.46,a_game_of_thrones,266,12.723,927.16,3.4856,2.9325,14.818,7.611,15.5806,14.6017,0,0,0.0,0.0602,93,0.0,0,0,0.0,0.1165,74,0.0,0,0,0.0,0.2293,19,0.0,0,0,0.4361,0.782,4,0.0,0,0,0.9549,0.985,3,0.0,0,0,0.9962,0.9962,1,0.2323,1,1,1.0,1.0,0,0.2525
bookmia.01.49,a_game_of_thrones,282,12.456,893.18,3.1673,2.9931,15.561,7.093,18.5553,17.2522,0,0,0.0,0.0922,88,0.0,0,0,0.0,0.2199,30,0.0,0,0,0.0,0.3298,30,0.0,0,0,0.7057,0.8936,5,0.0,0,0,0.9894,0.9894,3,0.0,0,0,0.9929,0.9929,2,0.0,1,1,1.0,1.0,0,0.6049
bookmia.01.51,a_game_of_thrones,265,11.159,820.46,3.0961,2.7074,13.25,7.091,14.1589,13.1657,0,0,0.0,0.0642,79,0.0,0,0,0.0,0.1396,23,0.0,0,0,0.0,0.2604,15,0.0,0,0,0.6792,0.9283,4,0.0,0,0,0.9887,0.9887,3,0.0,0,0,0.9962,0.9962,1,0.0,1,1,1.0,1.0,0,0.5708
bookmia.01.52,a_game_of_thrones,288,10.383,836.72,2.9053,2.7797,14.952,6.794,20.114,18.4477,0,0,0.0,0.0903,72,0.0,0,0,0.0,0.2188,32,0.0,0,0,0.0,0.3472,11,0.0,0,0,0.8021,0.941,4,0.0,0,0,0.9931,0.9931,2,0.0,0,0,0.9965,0.9965,1,0.0,0,1,0.9965,0.9965,1,0.9952
bookmia.01.58,a_game_of_thrones,255,11.823,725.02,2.8432,2.6218,12.31,6.487,17.8004,16.5096,0,0,0.0,0.0745,78,0.0,0,0,0.0,0.2235,52,0.0,0,0,0.0,0.3137,19,0.0,0,0,0.7176,0.8784,5,0.0,0,0,0.9725,0.9804,2,0.0,0,0,0.9961,0.9961,1,0.0,1,1,1.0,1.0,0,0.0
bookmia.01.59,a_game_of_thrones,275,10.331,971.29,3.532,3.0785,15.674,7.761,12.3365,11.4428,0,0,0.0,0.0436,83,0.0,0,0,0.0,0.1418,23,0.0,0,0,0.0,0.2909,10,0.0,0,0,0.4073,0.8145,7,0.0,0,0,0.9673,0.9855,3,0.0,0,0,0.9964,0.9964,1,0.0,1,1,1.0,1.0,0,0.3474
bookmia.01.60,a_game_of_thrones,273,10.509,986.96,3.6152,3.1265,14.909,7.94,19.703,18.0905,0,0,0.0,0.0403,96,0.0,0,0,0.0,0.1319,25,0.0,0,0,0.0,0.2747,11,0.0,0,0,0.4579,0.8022,4,0.0,0,0,0.967,0.9817,4,0.0,0,0,0.9963,0.9963,1,0.0,1,1,1.0,1.0,0,1.0
bookmia.01.62,a_game_of_thrones,261,11.388,890.02,3.4101,2.8954,14.137,7.287,15.0059,13.9509,0,0,0.0,0.046,86,0.0,0,0,0.0,0.1341,28,0.0,0,0,0.0,0.2184,16,0.0,0,0,0.4751,0.8276,7,0.0,0,0,0.9387,0.9847,3,0.0,0,0,0.9962,0.9962,1,0.0,1,1,1.0,1.0,0,0.4521
bookmia.01.69,a_game_of_thrones,262,10.172,919.06,3.5079,2.9285,14.852,7.579,15.1938,13.9985,0,0,0.0,0.0382,86,0.0,0,0,0.0,0.0916,50,0.0,0,0,0.0,0.2061,16,0.0,0,0,0.2405,0.7939,3,0.0,0,0,0.9924,0.9924,2,0.0,0,0,0.9962,0.9962,1,0.0,1,1,1.0,1.0,0,0.9154
bookmia.01.71,a_game_of_thrones,269,10.803,914.0,3.3978,3.0342,14.142,7.581,15.1976,14.065,0,0,0.0,0.0632,72,0.0,0,0,0.0,0.1784,29,0.0,0,0,0.0,0.2937,15,0.0,0,0,0.6394,0.8587,4,0.0,0,0,0.9888,0.9888,3,0.0,0,0,0.9963,0.9963,1,0.0,1,1,1.0,1.0,0,0.0
bookmia.01.73,a_game_of_thrones,258,11.727,831.96,3.2247,2.7602,16.817,7.141,12.6083,11.827,0,0,0.0,0.031,90,0.0,0,0,0.0,0.1163,27,0.0,0,0,0.0,0.2558,12,0.0,0,0,0.5349,0.8605,4,0.0,0,0,0.9884,0.9884,3,0.0,0,0,0.9961,0.9961,1,0.338,1,1,1.0,1.0,0,0.338
bookmia.01.74,a_game_of_thrones,262,9.322,854.25,3.2605,2.4358,11.427,6.673,9.3538,8.6575,0,0,0.0,0.0267,71,0.0,0,0,0.0,0.0878,69,0.0,0,0,0.0,0.2061,13,0.0,0,0,0.729,0.8588,4,0.0,0,0,0.9924,0.9924,2,0.0,1,1,1.0,1.0,0,0.0,1,1,1.0,1.0,0,0.0
bookmia.01.75,a_game_of_thrones,259,8.847,917.59,3.5428,3.2295,16.163,7.811,13.5048,12.3459,0,0,0.0,0.0541,59,0.0,0,0,0.0,0.166,17,0.0,0,0,0.0,0.2664,10,0.0,0,0,0.3668,0.8031,3,0.0,0,0,0.9923,0.9923,2,0.0,0,0,0.9961,0.9961,1,0.0,1,1,1.0,1.0,0,0.1368
bookmia.01.76,a_game_of_thrones,261,9.766,848.2,3.2498,2.8944,16.13,7.265,12.81,11.8125,0,0,0.0,0.0421,88,0.0,0,0,0.0,0.1456,33,0.0,0,0,0.0,0.2644,15,0.0,0,0,0.3602,0.8161,4,0.0,0,0,0.9923,0.9923,2,0.0,0,0,0.9962,0.9962,1,0.7337,1,1,1.0,1.0,0,0.6281
bookmia.01.77,a_game_of_thrones,269,9.703,901.99,3.3531,2.9959,14.796,7.329,10.4718,9.2953,0,0,0.0,0.0781,69,0.0,0,0,0.0,0.1859,23,0.0,0,0,0.0,0.3197,12,0.0,0,0,0.684,0.8736,3,0.0,0,0,0.9145,0.9851,3,0.0,0,1,0.9888,0.9926,1,0.1611,1,1,1.0,1.0,0,0.1611
bookmia.01.78,a_game_of_thrones,257,11.175,821.86,3.1979,2.8233,15.098,6.963,21.9141,20.1471,0,0,0.0,0.0467,81,0.0,0,0,0.0,0.1518,29,0.0,0,0,0.0,0.3113,13,0.0,0,0,0.8988,0.9261,6,0.0,0,0,0.9883,0.9883,3,0.0,0,0,0.9922,0.9922,2,0.0,0,0,0.9961,0.9961,1,0.0
bookmia.01.79,a_game_of_thrones,286,10.936,947.95,3.3145,2.9865,15.072,7.083,13.1676,12.2513,0,0,0.0,0.0839,103,0.0,0,0,0.0,0.1713,25,0.0,0,0,0.0,0.3042,15,0.0,0,0,0.5699,0.8706,6,0.0,0,0,0.9685,0.9825,4,0.0,0,0,0.9965,0.9965,1,0.0,1,1,1.0,1.0,0,0.3165
bookmia.01.81,a_game_of_thrones,256,10.883,751.54,2.9357,2.6216,12.717,6.753,13.5298,12.572,0,0,0.0,0.0781,74,0.0,0,0,0.0,0.2031,28,0.0,0,0,0.0,0.3242,20,0.0,0,0,0.7734,0.9336,4,0.098,0,0,0.9922,0.9922,2,0.9951,0,0,0.9961,0.9961,1,0.0,1,1,1.0,1.0,0,0.75
bookmia.01.82,a_game_of_thrones,259,10.628,763.15,2.9465,2.7741,14.197,7.241,12.4336,11.5599,0,0,0.0,0.0849,76,0.0,0,0,0.0,0.2046,31,0.0,0,0,0.0,0.3359,12,0.0,0,0,0.8803,0.9575,3,0.0,0,0,0.9884,0.9884,3,0.0,0,0,0.9961,0.9961,1,0.3636,1,1,1.0,1.0,0,0.3636
bookmia.01.83,a_game_of_thrones,270,10.4,852.17,3.1562,3.0333,15.579,6.983,10.8458,10.1081,0,0,0.0,0.0815,99,0.0,0,0,0.0,0.1593,31,0.0,0,0,0.0,0.3074,13,0.0,0,0,0.5778,0.9074,3,0.0,0,0,0.9926,0.9926,2,0.3383,0,0,0.9963,0.9963,1,0.3383,1,1,1.0,1.0,0,0.3383
bookmia.01.87,a_game_of_thrones,281,10.008,914.25,3.2535,3.1556,20.163,7.312,18.7661,17.1971,0,0,0.0,0.0605,72,0.0,0,0,0.0,0.153,29,0.0,0,0,0.0,0.2954,15,0.0,0,0,0.5658,0.9004,4,0.0,0,0,0.9893,0.9893,3,0.0,0,0,0.9964,0.9964,1,0.0,1,1,1.0,1.0,0,0.2991
bookmia.01.88,a_game_of_thrones,258,10.695,860.18,3.334,2.85,13.895,7.352,14.1302,13.0935,0,0,0.0,0.0659,117,0.0,0,0,0.0,0.1357,50,0.0,0,0,0.0,0.2403,16,0.0,0,0,0.407,0.8411,4,0.0,0,0,0.9922,0.9922,2,0.0,0,0,0.9961,0.9961,1,0.0,1,1,1.0,1.0,0,0.6718
bookmia.01.89,a_game_of_thrones,272,9.559,884.05,3.2502,3.0051,15.894,7.138,19.5582,17.8651,0,0,0.0,0.0919,65,0.0,0,0,0.0,0.2169,19,0.0,0,0,0.0,0.3346,13,0.0,0,0,0.5625,0.9081,5,0.0,0,0,0.9816,0.9853,2,0.0,0,0,0.9963,0.9963,1,0.0,1,1,1.0,1.0,0,1.0
bookmia.01.90,a_game_of_thrones,247,13.659,793.05,3.2107,2.4602,11.144,7.012,19.0839,17.8482,0,0,0.0,0.0202,92,0.0,0,0,0.0,0.0931,36,0.0,0,0,0.0,0.2348,20,0.0,0,0,0.417,0.8462,5,0.0,0,0,0.9798,0.9838,3,0.0,0,0,0.996,0.996,1,0.0,1,1,1.0,1.0,0,0.9119
bookmia.01.97,a_game_of_thrones,263,10.998,706.46,2.6861,2.6165,15.307,6.415,17.4131,16.0785,0,0,0.0,0.076,82,0.0,0,0,0.0,0.2091,22,0.0,0,0,0.0,0.3878,11,0.0,0,0,0.981,0.9848,3,0.0,0,0,0.9886,0.9886,3,0.0,0,0,0.9962,0.9962,1,0.0,1,1,1.0,1.0,0,0.9894
bookmia.07.02,casino_royale,243,7.916,723.89,2.979,2.7196,14.443,6.412,14.9907,13.5901,0,0,0.0,0.0453,54,0.0,0,0,0.0,0.1276,20,0.0,0,0,0.0,0.2798,11,0.0,0,0,0.7613,0.9424,3,0.0,0,0,0.9918,0.9918,2,0.0,0,0,0.9959,0.9959,1,0.0,1,1,1.0,1.0,0,0.2463
bookmia.07.03,casino_royale,261,8.241,889.77,3.4091,3.1464,17.095,7.423,14.1696,12.8836,0,0,0.0,0.0613,81,0.0,0,0,0.0,0.1379,32,0.0,0,0,0.0,0.3027,12,0.0,0,0,0.4368,0.8429,3,0.0,0,0,0.9885,0.9885,3,0.0,0,0,0.9962,0.9962,1,0.545,1,1,1.0,1.0,0,0.545
bookmia.07.04,casino_royale,262,10.522,925.94,3.5341,3.0947,16.807,7.878,10.741,10.026,0,0,0.0,0.0649,107,0.0,0,0,0.0,0.1183,37,0.0,0,0,0.0,0.271,18,0.0,0,0,0.0,0.7481,7,0.0,0,0,0.9924,0.9924,2,0.6792,0,0,0.9962,0.9962,1,0.0,1,1,1.0,1.0,0,0.1132
bookmia.07.05,casino_royale,263,12.184,913.99,3.4752,2.8071,14.218,7.286,13.0008,12.226,0,0,0.0,0.038,86,0.0,0,0,0.0,0.1179,35,0.0,0,0,0.0,0.2205,13,0.0,0,0,0.3156,0.8099,4,0.0,0,0,0.9886,0.9886,3,0.0,0,0,0.9962,0.9962,1,0.0,1,1,1.0,1.0,0,0.799
bookmia.07.06,casino_royale,243,11.044,680.29,2.7996,2.5175,15.791,6.245,18.9259,17.4445,0,0,0.0,0.0658,85,0.0,0,0,0.0,0.1564,30,0.0,0,0,0.0,0.3621,12,0.0,0,0,0.8765,0.9383,5,0.0,0,0,0.9835,0.9835,4,0.0,0,0,0.9959,0.9959,1,0.0,1,1,1.0,1.0,0,0.9897
bookmia.07.07,casino_royale,256,9.544,864.29,3.3761,2.9011,14.296,7.73,9.5899,8.8921,0,0,0.0,0.0391,73,0.0,0,0,0.0,0.0938,20,0.0,0,0,0.0,0.2266,13,0.0,0,0,0.4883,0.8438,6,0.0,0,0,0.9805,0.9805,5,0.0,1,1,1.0,1.0,0,0.1389,1,1,1.0,1.0,0,0.1389
bookmia.07.08,casino_royale,270,11.128,766.5,2.8389,2.6484,13.921,6.472,17.451,16.1255,0,0,0.0,0.0519,74,0.0,0,0,0.0,0.2074,24,0.0,0,0,0.0,0.3852,12,0.0,0,0,0.9333,0.9741,4,0.0,0,0,0.9889,0.9889,3,0.0,0,0,0.9926,0.9926,2,0.0,1,1,1.0,1.0,0,0.0
bookmia.07.09,casino_royale,261,9.434,882.08,3.3796,2.8809,14.408,7.491,21.903,19.963,0,0,0.0,0.046,79,0.0,0,0,0.0,0.1494,19,0.0,0,0,0.0,0.2567,9,0.0,0,0,0.3295,0.8238,3,0.0,0,0,0.9885,0.9885,3,0.0,0,0,0.9962,0.9962,1,0.0,0,1,0.9962,0.9962,1,1.0
bookmia.07.15,casino_royale,261,9.966,820.0,3.1417,2.8218,14.517,7.004,15.7889,14.5134,0,0,0.0,0.069,81,0.0,0,0,0.0,0.2031,21,0.0,0,0,0.0,0.3142,21,0.0,0,0,0.4406,0.8736,5,0.0,0,0,0.9923,0.9923,2,0.0,0,0,0.9962,0.9962,1,0.0,1,1,1.0,1.0,0,0.1168
bookmia.07.16,casino_royale,244,10.305,802.01,3.2869,2.6058,14.438,6.81,13.8384,12.7919,0,0,0.0,0.0164,88,0.0,0,0,0.0,0.0943,36,0.0,0,0,0.0,0.1885,12,0.0,0,0,0.582,0.8811,5,0.0,0,0,0.9918,0.9918,2,0.0,0,0,0.9959,0.9959,1,0.0,1,1,1.0,1.0,0,0.9581
bookmia.07.17,casino_royale,250,8.997,881.81,3.5272,2.7734,15.452,7.789,12.4245,11.3886,0,0,0.0,0.024,95,0.0,0,0,0.0,0.06,39,0.0,0,0,0.0,0.176,17,0.0,0,0,0.36,0.816,6,0.0,0,0,0.952,0.972,1,0.0,0,0,0.996,0.996,1,0.1881,1,1,1.0,1.0,0,0.1881
bookmia.07.20,casino_royale,261,10.009,966.04,3.7013,3.1675,14.105,8.221,23.4223,21.3879,0,0,0.0,0.0536,67,0.0,0,0,0.0,0.1418,20,0.0,0,0,0.0,0.249,13,0.0,0,0,0.0,0.751,7,0.0,0,0,0.9885,0.9885,3,0.0,0,0,0.9962,0.9962,1,0.0,0,0,0.9962,0.9962,1,0.0
bookmia.07.24,casino_royale,245,9.216,749.55,3.0594,2.6898,13.716,6.933,10.763,9.9152,0,0,0.0,0.0571,86,0.0,0,0,0.0,0.1388,20,0.0,0,0,0.0,0.2694,11,0.0,0,0,0.6857,0.898,4,0.0,0,0,0.9918,0.9918,2,0.0,0,1,0.9959,0.9959,1,0.2902,1,1,1.0,1.0,0,0.2902
bookmia.07.25,casino_royale,264,11.372,982.9,3.7231,3.1929,14.17,8.027,13.3117,12.4246,0,0,0.0,0.0682,85,0.0,0,0,0.0,0.1477,24,0.0,0,0,0.0,0.2462,11,0.0,0,0,0.2538,0.7462,3,0.1636,0,0,0.9924,0.9924,2,0.0,0,0,0.9962,0.9962,1,0.7757,1,1,1.0,1.0,0,1.0
bookmia.07.26,casino_royale,257,12.004,920.93,3.5834,3.1297,14.486,8.21,12.319,11.5944,0,0,0.0,0.0311,135,0.0,0,0,0.0,0.1206,28,0.0,0,0,0.0,0.2335,20,0.0,0,0,0.3813,0.7899,4,0.0,0,0,0.9767,0.9844,3,0.0,0,0,0.9961,0.9961,1,0.2009,1,1,1.0,1.0,0,0.2009
bookmia.07.28,casino_royale,255,11.611,824.38,3.2328,2.8195,13.766,6.69,14.5644,13.5759,0,0,0.0,0.0353,115,0.0,0,0,0.0,0.1451,31,0.0,0,0,0.0,0.2627,31,0.0,0,0,0.6627,0.9059,5,0.0,0,0,0.9843,0.9843,4,0.4512,0,0,0.9961,0.9961,1,0.507,1,1,1.0,1.0,0,0.507
bookmia.07.29,casino_royale,259,10.024,880.51,3.3997,3.1857,19.608,7.837,19.3633,17.7362,0,0,0.0,0.0656,73,0.0,0,0,0.0,0.1931,24,0.0,0,0,0.0,0.3282,15,0.0,0,0,0.7104,0.8919,4,0.0,0,0,0.9923,0.9923,2,0.0,0,0,0.9961,0.9961,1,0.0,1,1,1.0,1.0,0,0.9187
bookmia.07.30,casino_royale,244,9.659,861.98,3.5327,3.0119,14.457,8.193,19.591,17.9046,0,0,0.0,0.041,68,0.0,0,0,0.0,0.127,24,0.0,0,0,0.0,0.25,24,0.0,0,0,0.5451,0.8197,3,0.0,0,0,0.9918,0.9918,2,0.0,0,0,0.9959,0.9959,1,0.0,1,1,1.0,1.0,0,0.3713
bookmia.07.31,casino_royale,271,11.655,848.83,3.1322,3.0224,14.737,7.503,16.4307,15.26,0,0,0.0,0.0849,79,0.0,0,0,0.0,0.2066,28,0.0,0,0,0.0,0.3801,12,0.0,0,0,0.5572,0.8856,5,0.0,0,0,0.9594,0.9742,5,0.8932,0,0,0.9963,0.9963,1,0.1311,1,1,1.0,1.0,0,0.1359
bookmia.07.32,casino_royale,265,10.267,912.75,3.4443,2.9768,13.172,7.828,22.412,20.5044,0,0,0.0,0.0528,85,0.0,0,0,0.0,0.1321,21,0.0,0,0,0.0,0.2491,11,0.0,0,0,0.1547,0.8113,9,0.0,0,0,0.9849,0.9849,4,0.0,0,0,0.9962,0.9962,1,0.0,0,0,0.9962,0.9962,1,0.2212
bookmia.07.37,casino_royale,264,12.031,842.75,3.1922,3.0014,14.026,7.372,13.6177,12.7659,0,0,0.0,0.0606,82,0.0,0,0,0.0,0.2121,27,0.0,0,0,0.0,0.3068,14,0.0,0,0,0.8674,0.9205,5,0.0,0,0,0.9848,0.9886,2,0.0,0,0,0.9962,0.9962,1,0.6321,1,1,1.0,1.0,0,0.6321
bookmia.07.40,casino_royale,252,9.491,738.38,2.9301,2.5605,12.082,6.496,21.5729,19.6715,0,0,0.0,0.0357,83,0.0,0,0,0.0,0.1389,20,0.0,0,0,0.0,0.3175,10,0.0,0,0,0.7619,0.9246,4,0.0,0,0,0.9921,0.9921,2,0.0,0,0,0.996,0.996,1,0.0,0,1,0.996,0.996,1,0.6495
bookmia.07.41,casino_royale,255,11.677,892.3,3.4992,3.043,13.329,7.987,19.3173,17.8602,0,0,0.0,0.0275,84,0.0,0,0,0.0,0.1294,30,0.0,0,0,0.0,0.2392,30,0.0,0,0,0.3647,0.8039,4,0.0,0,0,0.9922,0.9922,2,0.0,0,0,0.9961,0.9961,1,0.0,1,1,1.0,1.0,0,0.0
bookmia.07.43,casino_royale,243,9.547,800.47,3.2941,2.9745,14.969,7.493,18.9382,17.306,0,0,0.0,0.0412,91,0.0,0,0,0.0,0.1317,19,0.0,0,0,0.0,0.3169,12,0.0,0,0,0.5021,0.8807,4,0.0,0,0,0.9877,0.9877,3,0.0,0,0,0.9959,0.9959,1,0.0,1,1,1.0,1.0,0,0.7725
bookmia.07.44,casino_royale,258,11.618,835.07,3.2367,2.919,13.498,7.187,17.0518,15.8153,0,0,0.0,0.0581,80,0.0,0,0,0.0,0.1667,27,0.0,0,0,0.0,0.2868,12,0.0,0,0,0.2946,0.8721,4,0.0,0,0,0.9922,0.9922,2,0.0,0,0,0.9961,0.9961,1,0.0,1,1,1.0,1.0,0,0.9619
bookmia.07.47,casino_royale,259,9.534,857.05,3.3091,2.9913,13.751,7.769,11.0554,10.2101,0,0,0.0,0.0656,75,0.0,0,0,0.0,0.2124,31,0.0,0,0,0.0,0.332,10,0.0,0,0,0.5328,0.834,4,0.0,0,0,0.9846,0.9846,4,0.4975,0,0,0.9961,0.9961,1,0.467,1,1,1.0,1.0,0,0.467
bookmia.07.49,casino_royale,249,10.453,734.84,2.9512,2.9459,16.644,6.768,13.124,12.1637,0,0,0.0,0.0843,96,0.0,0,0,0.0,0.2369,24,0.0,0,0,0.0,0.3614,11,0.0,0,0,0.8514,0.9237,7,0.0,0,0,0.9719,0.9759,4,0.9282,0,0,0.996,0.996,1,0.9282,1,1,1.0,1.0,0,0.9282
bookmia.07.53,casino_royale,269,9.778,787.79,2.9286,2.8755,16.176,7.173,12.5069,11.5408,0,0,0.0,0.0892,79,0.0,0,0,0.0,0.2193,20,0.0,0,0,0.0,0.3569,9,0.0,0,0,0.7658,0.9517,4,0.0,0,0,0.9851,0.9851,4,0.0,0,0,0.9888,0.9926,1,0.0,1,1,1.0,1.0,0,1.0
bookmia.07.54,casino_royale,258,11.247,857.56,3.3239,2.7673,14.476,6.893,13.0141,12.1442,0,0,0.0,0.0426,98,0.0,0,0,0.0,0.1163,30,0.0,0,0,0.0,0.2597,12,0.0,0,0,0.407,0.8566,8,0.0,0,0,0.9729,0.9767,5,0.0,0,0,0.9961,0.9961,1,0.1461,1,1,1.0,1.0,0,0.4384
bookmia.07.55,casino_royale,243,8.247,755.95,3.1109,2.7317,13.32,7.215,10.279,9.3826,0,0,0.0,0.0576,62,0.0,0,0,0.0,0.1317,20,0.0,0,0,0.0,0.2757,8,0.0,0,0,0.7654,0.9177,3,0.0,0,0,0.9918,0.9918,2,0.7157,0,1,0.9959,0.9959,1,0.7157,1,1,1.0,1.0,0,0.7157
bookmia.07.56,casino_royale,247,11.395,726.71,2.9421,2.6879,12.937,6.571,17.3783,16.0869,0,0,0.0,0.0607,75,0.0,0,0,0.0,0.166,33,0.0,0,0,0.0,0.3239,21,0.0,0,0,0.915,0.9393,4,0.0,0,0,0.9757,0.9838,2,0.0,0,0,0.996,0.996,1,0.0,1,1,1.0,1.0,0,1.0
bookmia.07.57,casino_royale,258,9.914,986.03,3.8218,3.0572,16.685,7.905,12.0741,11.1649,0,0,0.0,0.0543,84,0.0,0,0,0.0,0.1279,21,0.0,0,0,0.0,0.2287,13,0.0,0,0,0.0,0.6938,4,0.0,0,0,0.9922,0.9922,2,0.0,0,0,0.9922,0.9922,2,0.0,1,1,1.0,1.0,0,0.0
bookmia.07.59,casino_royale,252,11.459,786.34,3.1204,2.7324,14.523,6.826,17.7385,16.4174,0,0,0.0,0.0238,106,0.0,0,0,0.0,0.1548,23,0.0,0,0,0.0,0.2857,18,0.0,0,0,0.4881,0.9008,4,0.0,0,0,0.9921,0.9921,2,0.0,0,0,0.996,0.996,1,0.0,1,1,1.0,1.0,0,0.1629
bookmia.07.61,casino_royale,253,10.806,992.66,3.9236,3.1706,14.716,8.779,21.8724,20.0726,0,0,0.0,0.0593,81,0.0,0,0,0.0,0.1265,45,0.0,0,0,0.0,0.2055,13,0.0,0,0,0.1423,0.6443,5,0.0,0,0,0.9921,0.9921,2,0.0,0,0,0.996,0.996,1,0.0,0,0,0.996,0.996,1,0.0
bookmia.07.62,casino_royale,265,11.209,866.49,3.2698,2.8451,12.982,7.249,11.3943,10.6826,0,0,0.0,0.0679,75,0.0,0,0,0.0,0.1434,32,0.0,0,0,0.0,0.2642,11,0.0,0,0,0.6755,0.8792,4,0.0,0,0,0.9736,0.9849,2,0.0,0,0,0.9962,0.9962,1,0.2333,1,1,1.0,1.0,0,0.2333
bookmia.07.63,casino_royale,247,12.094,732.23,2.9645,2.6998,14.516,6.681,15.5581,14.5186,0,0,0.0,0.0729,80,0.0,0,0,0.0,0.2267,29,0.0,0,0,0.0,0.3482,13,0.0,0,0,0.7611,0.9514,4,0.0,0,0,0.9879,0.9879,3,0.0,0,0,0.996,0.996,1,0.1111,1,1,1.0,1.0,0,0.2222
bookmia.07.66,casino_royale,260,10.258,794.34,3.0551,2.7885,16.604,7.076,13.4912,12.4747,0,0,0.0,0.0731,70,0.0,0,0,0.0,0.1846,25,0.0,0,0,0.0,0.3077,18,0.0,0,0,0.6692,0.8885,4,0.0,0,0,0.9846,0.9846,4,0.0,0,0,0.9962,0.9962,1,0.6197,1,1,1.0,1.0,0,0.6244
bookmia.07.70,casino_royale,251,9.556,813.37,3.2405,2.6852,12.702,6.873,11.2496,10.3871,0,0,0.0,0.0478,72,0.0,0,0,0.0,0.1434,29,0.0,0,0,0.0,0.251,18,0.0,0,0,0.6574,0.8685,4,0.0,0,0,0.9841,0.988,2,0.0,0,0,0.996,0.996,1,0.5816,1,1,1.0,1.0,0,0.5816
bookmia.07.72,casino_royale,253,9.481,737.15,2.9136,2.6593,16.873,6.405,10.2991,9.5241,0,0,0.0,0.0711,64,0.0,0,0,0.0,0.1739,19,0.0,0,0,0.0,0.3123,15,0.0,0,0,0.9565,0.9644,6,0.0,0,0,0.9802,0.9842,2,0.0,0,1,0.996,0.996,1,1.0,1,1,1.0,1.0,0,1.0
bookmia.07.73,casino_royale,247,8.572,772.98,3.1295,2.7371,13.161,7.256,11.6492,10.6484,0,0,0.0,0.0445,67,0.0,0,0,0.0,0.1741,20,0.0,0,0,0.0,0.3279,11,0.0,0,0,0.5263,0.9028,4,0.3689,0,0,0.9919,0.9919,2,1.0,0,0,0.996,0.996,1,0.9951,1,1,1.0,1.0,0,1.0
bookmia.07.77,casino_royale,252,9.413,819.6,3.2524,2.6222,11.987,7.065,19.831,18.0961,0,0,0.0,0.0357,64,0.0,0,0,0.0,0.1349,22,0.0,0,0,0.0,0.246,13,0.0,0,0,0.6429,0.877,3,0.0,0,0,0.9127,0.9683,3,0.0,0,0,0.996,0.996,1,0.0,1,1,1.0,1.0,0,1.0
bookmia.07.80,casino_royale,263,9.35,915.96,3.4828,3.0187,13.966,7.772,12.7103,11.6811,0,0,0.0,0.0418,63,0.0,0,0,0.0,0.1179,27,0.0,0,0,0.0,0.2395,11,0.0,0,0,0.2471,0.8061,4,0.0,0,0,0.9163,0.981,2,0.0,0,0,0.9962,0.9962,1,0.9707,1,1,1.0,1.0,0,1.0
