run,novel,setting,constraint,prefix_debt,k,mode,L,n_passages,nv_recall_mean,nv_recall_ge_0p8_pct,lcs_word_mean,spend_total_mean,max_query_Z_over_K,R_total_mean,invariant_violations,steps_forced_pct,steps_free_pct,steps_active_pct,R_over_K_max,queries
1984_A,1984,A_temp1,kl,1,-1.0,single,0,8,0.4137,37.5,51.62,0.0,0.0,351.82,0,0.0,100.0,0.0,,8
1984_A,1984,A_temp1,kl,1,-1.0,oracle,50,8,0.6458,37.5,70.5,0.0,0.0,527.02,0,0.0,100.0,0.0,,32
1984_A,1984,A_temp1,kl,1,-1.0,chained,50,8,0.4883,50.0,61.0,0.0,0.0,474.33,0,0.0,100.0,0.0,,32
1984_A,1984,A_temp1,kl,1,0.0,single,0,8,0.0,0.0,1.75,0.0,0.0,0.0,0,100.0,0.0,0.0,,8
1984_A,1984,A_temp1,kl,1,0.0,oracle,50,8,0.0,0.0,2.62,0.0,0.0,0.0,0,100.0,0.0,0.0,,32
1984_A,1984,A_temp1,kl,1,0.0,chained,50,8,0.0,0.0,1.88,0.0,0.0,0.0,0,100.0,0.0,0.0,,32
1984_A,1984,A_temp1,kl,1,1.0,single,0,8,0.0,0.0,1.88,117.89,0.9583,119.34,0,4.77,86.34,8.89,0.9881,8
1984_A,1984,A_temp1,kl,1,1.0,oracle,50,8,0.0,0.0,4.12,131.86,0.8276,129.33,0,18.95,60.22,20.83,1.1544,32
1984_A,1984,A_temp1,kl,1,1.0,chained,50,8,0.0,0.0,1.88,89.45,0.8272,97.22,0,20.46,70.65,8.89,1.1885,32
1984_A,1984,A_temp1,kl,1,1.5,single,0,8,0.0,0.0,2.12,148.79,0.8911,155.69,0,3.06,89.84,7.1,0.8893,8
1984_A,1984,A_temp1,kl,1,1.5,oracle,50,8,0.0,0.0,4.88,218.67,0.8848,220.53,0,11.6,68.96,19.44,1.3221,32
1984_A,1984,A_temp1,kl,1,1.5,chained,50,8,0.0,0.0,2.12,140.01,0.8848,142.26,0,10.53,83.79,5.68,1.0587,32
1984_A,1984,A_temp1,kl,1,3.0,single,0,8,0.1147,12.5,13.62,294.44,0.9216,287.32,0,1.17,98.32,0.51,0.9098,8
1984_A,1984,A_temp1,kl,1,3.0,oracle,50,8,0.107,0.0,11.62,353.37,0.9196,355.24,0,5.23,91.78,3.0,0.9382,32
1984_A,1984,A_temp1,kl,1,3.0,chained,50,8,0.0532,0.0,5.75,260.09,0.8324,262.99,0,4.78,93.31,1.91,0.8839,32
1984_A,1984,A_temp1,kl,1,5.0,single,0,8,0.1147,12.5,14.5,278.07,0.5536,277.92,0,0.57,98.85,0.57,0.5463,8
1984_A,1984,A_temp1,kl,1,5.0,oracle,50,8,0.1828,0.0,20.38,438.33,0.6441,445.92,0,2.81,96.25,0.94,0.6511,32
1984_A,1984,A_temp1,kl,1,5.0,chained,50,8,0.1008,12.5,10.0,281.31,0.5443,283.46,0,4.69,94.47,0.84,0.5474,32
1984_A,1984,A_temp1,kl,1,10.0,single,0,8,0.2383,25.0,27.38,324.32,0.2768,323.72,0,0.08,99.69,0.23,0.2731,8
1984_A,1984,A_temp1,kl,1,10.0,oracle,50,8,0.3565,12.5,39.25,469.81,0.3273,478.43,0,0.94,98.38,0.69,0.3338,32
1984_A,1984,A_temp1,kl,1,10.0,chained,50,8,0.1749,12.5,20.75,375.21,0.3005,378.83,0,0.71,98.52,0.77,0.3001,32
1984_A,1984,A_temp1,kl,1,20.0,single,0,8,0.4137,37.5,51.62,349.12,0.155,351.82,0,0.0,100.0,0.0,0.1571,8
1984_A,1984,A_temp1,kl,1,20.0,oracle,50,8,0.6458,37.5,70.5,524.47,0.1744,527.02,0,0.0,100.0,0.0,0.1787,32
1984_A,1984,A_temp1,kl,1,20.0,chained,50,8,0.4883,50.0,61.0,466.5,0.1709,474.32,0,0.0,99.94,0.06,0.1769,32
1984_B,1984,B_authors,kl,1,-1.0,single,0,8,0.316,25.0,45.12,0.0,0.0,445.02,0,0.0,100.0,0.0,,8
1984_B,1984,B_authors,kl,1,-1.0,oracle,50,8,0.6303,25.0,71.0,0.0,0.0,582.28,0,0.0,100.0,0.0,,32
1984_B,1984,B_authors,kl,1,-1.0,chained,50,8,0.376,25.0,50.38,0.0,0.0,560.89,0,0.0,100.0,0.0,,32
1984_B,1984,B_authors,kl,1,0.0,single,0,8,0.0,0.0,2.0,0.0,0.0,0.0,0,100.0,0.0,0.0,,8
1984_B,1984,B_authors,kl,1,0.0,oracle,50,8,0.0,0.0,2.38,0.0,0.0,0.0,0,100.0,0.0,0.0,,32
1984_B,1984,B_authors,kl,1,0.0,chained,50,8,0.0,0.0,2.12,0.0,0.0,0.0,0,100.0,0.0,0.0,,32
1984_B,1984,B_authors,kl,1,1.0,single,0,8,0.0,0.0,1.62,101.64,0.9557,102.55,0,6.45,59.4,34.15,0.9648,8
1984_B,1984,B_authors,kl,1,1.0,oracle,50,8,0.0,0.0,2.25,158.32,0.9406,164.37,0,17.89,39.97,42.13,1.1082,32
1984_B,1984,B_authors,kl,1,1.0,chained,50,8,0.0,0.0,1.75,120.73,0.9406,126.58,0,24.41,52.53,23.05,1.3804,32
1984_B,1984,B_authors,kl,1,1.5,single,0,8,0.0,0.0,2.5,174.6,0.8962,174.84,0,3.43,82.49,14.08,0.794,8
1984_B,1984,B_authors,kl,1,1.5,oracle,50,8,0.0,0.0,3.25,234.1,0.9034,235.42,0,11.8,55.9,32.3,1.3061,32
1984_B,1984,B_authors,kl,1,1.5,chained,50,8,0.0,0.0,2.5,207.25,0.9365,207.25,0,10.38,74.98,14.64,1.1013,32
1984_B,1984,B_authors,kl,1,3.0,single,0,8,0.0677,0.0,12.0,436.27,0.9756,446.0,0,1.17,92.28,6.55,1.0302,8
1984_B,1984,B_authors,kl,1,3.0,oracle,50,8,0.0698,0.0,9.25,494.67,0.9517,515.43,0,5.12,81.81,13.06,1.0977,32
1984_B,1984,B_authors,kl,1,3.0,chained,50,8,0.0521,0.0,5.75,439.8,0.9443,441.06,0,5.2,86.4,8.39,0.9368,32
1984_B,1984,B_authors,kl,1,5.0,single,0,8,0.112,12.5,18.25,437.41,0.6087,432.83,0,0.49,98.75,0.77,0.6154,8
1984_B,1984,B_authors,kl,1,5.0,oracle,50,8,0.0955,0.0,16.75,544.23,0.7913,546.48,0,2.82,95.56,1.63,0.8308,32
1984_B,1984,B_authors,kl,1,5.0,chained,50,8,0.0529,0.0,6.12,502.44,0.7502,504.32,0,2.76,95.82,1.41,0.7715,32
1984_B,1984,B_authors,kl,1,10.0,single,0,8,0.1407,12.5,21.5,455.96,0.3097,461.43,0,0.07,99.73,0.21,0.324,8
1984_B,1984,B_authors,kl,1,10.0,oracle,50,8,0.2904,0.0,33.62,540.47,0.3597,545.01,0,0.96,98.27,0.77,0.3612,32
1984_B,1984,B_authors,kl,1,10.0,chained,50,8,0.1235,0.0,14.75,481.39,0.3597,492.14,0,0.52,98.43,1.05,0.3449,32
1984_B,1984,B_authors,kl,1,20.0,single,0,8,0.316,25.0,45.12,443.13,0.1733,445.02,0,0.0,100.0,0.0,0.1736,8
1984_B,1984,B_authors,kl,1,20.0,oracle,50,8,0.6303,25.0,71.0,584.65,0.221,582.28,0,0.0,100.0,0.0,0.2196,32
1984_B,1984,B_authors,kl,1,20.0,chained,50,8,0.376,25.0,50.38,547.82,0.221,560.8,0,0.0,99.94,0.06,0.2196,32
1984_greedy,1984,A_temp1,kl,1,-1.0,single,0,8,0.5125,50.0,69.12,0.0,0.0,482.98,0,0.0,100.0,0.0,,8
1984_greedy,1984,A_temp1,kl,1,-1.0,oracle,50,8,0.8377,62.5,103.75,0.0,0.0,550.24,0,0.0,100.0,0.0,,32
1984_greedy,1984,A_temp1,kl,1,-1.0,chained,50,8,0.5125,50.0,70.25,0.0,0.0,508.29,0,0.0,100.0,0.0,,32
1984_greedy,1984,A_temp1,kl,1,0.0,single,0,8,0.0,0.0,2.25,0.0,0.0,0.0,0,100.0,0.0,0.0,,8
1984_greedy,1984,A_temp1,kl,1,0.0,oracle,50,8,0.0193,0.0,6.25,0.0,0.0,0.0,0,100.0,0.0,0.0,,32
1984_greedy,1984,A_temp1,kl,1,0.0,chained,50,8,0.0,0.0,2.25,0.0,0.0,0.0,0,100.0,0.0,0.0,,32
hp1_A,hp1,A_temp1,kl,1,-1.0,single,0,50,0.1996,6.0,25.58,0.0,0.0,369.43,0,0.0,100.0,0.0,,50
hp1_A,hp1,A_temp1,kl,1,-1.0,oracle,50,50,0.5469,18.0,53.28,0.0,0.0,541.51,0,0.0,100.0,0.0,,200
hp1_A,hp1,A_temp1,kl,1,-1.0,chained,50,50,0.238,12.0,30.0,0.0,0.0,406.84,0,0.0,100.0,0.0,,200
hp1_A,hp1,A_temp1,kl,1,0.0,single,0,50,0.0,0.0,1.88,0.0,0.0,0.0,0,100.0,0.0,0.0,,50
hp1_A,hp1,A_temp1,kl,1,0.0,oracle,50,50,0.0,0.0,2.26,0.0,0.0,0.0,0,100.0,0.0,0.0,,200
hp1_A,hp1,A_temp1,kl,1,0.0,chained,50,50,0.0,0.0,1.84,0.0,0.0,0.0,0,100.0,0.0,0.0,,200
hp1_A,hp1,A_temp1,kl,1,1.0,single,0,50,0.0,0.0,1.84,144.42,0.9599,141.39,0,5.29,76.14,18.57,1.074,50
hp1_A,hp1,A_temp1,kl,1,1.0,oracle,50,50,0.0,0.0,2.64,143.44,0.866,142.41,0,20.81,52.09,27.1,1.3164,200
hp1_A,hp1,A_temp1,kl,1,1.0,chained,50,50,0.0,0.0,1.76,79.68,0.866,77.84,0,20.09,68.38,11.53,1.1705,200
hp1_A,hp1,A_temp1,kl,1,1.5,single,0,50,0.0,0.0,2.02,204.18,0.9739,206.84,0,3.53,82.2,14.27,1.1598,50
hp1_A,hp1,A_temp1,kl,1,1.5,oracle,50,50,0.0035,0.0,3.38,222.49,0.8963,222.54,0,13.58,68.05,18.36,1.2071,200
hp1_A,hp1,A_temp1,kl,1,1.5,chained,50,50,0.0,0.0,1.94,126.14,0.8963,125.54,0,14.64,78.02,7.34,1.2026,200
hp1_A,hp1,A_temp1,kl,1,3.0,single,0,50,0.0174,2.0,3.7,301.7,0.8656,302.47,0,1.53,97.52,0.95,0.9183,50
hp1_A,hp1,A_temp1,kl,1,3.0,oracle,50,50,0.0217,0.0,5.72,358.31,0.9119,356.41,0,6.32,90.72,2.96,1.0582,200
hp1_A,hp1,A_temp1,kl,1,3.0,chained,50,50,0.0,0.0,2.06,218.7,0.884,217.97,0,8.38,89.82,1.8,1.074,200
hp1_A,hp1,A_temp1,kl,1,5.0,single,0,50,0.0353,0.0,6.32,316.0,0.5984,317.03,0,0.91,98.74,0.35,0.6003,50
hp1_A,hp1,A_temp1,kl,1,5.0,oracle,50,50,0.1098,0.0,14.66,414.85,0.8125,416.1,0,3.69,95.34,0.97,0.8046,200
hp1_A,hp1,A_temp1,kl,1,5.0,chained,50,50,0.0207,0.0,5.12,290.91,0.8125,293.52,0,5.78,93.6,0.63,0.8046,200
hp1_A,hp1,A_temp1,kl,1,10.0,single,0,50,0.0702,0.0,9.66,333.27,0.2993,331.33,0,0.28,99.53,0.19,0.3003,50
hp1_A,hp1,A_temp1,kl,1,10.0,oracle,50,50,0.2219,0.0,24.08,444.53,0.4067,444.54,0,1.62,98.01,0.37,0.4027,200
hp1_A,hp1,A_temp1,kl,1,10.0,chained,50,50,0.0511,0.0,7.9,304.17,0.4067,304.34,0,3.17,96.47,0.35,0.4027,200
hp1_A,hp1,A_temp1,kl,1,20.0,single,0,50,0.1996,6.0,25.58,369.9,0.1644,369.43,0,0.0,100.0,0.0,0.1625,50
hp1_A,hp1,A_temp1,kl,1,20.0,oracle,50,50,0.5421,18.0,53.0,535.86,0.2065,540.7,0,0.0,99.92,0.08,0.2099,200
hp1_A,hp1,A_temp1,kl,1,20.0,chained,50,50,0.238,12.0,30.0,404.55,0.2034,406.85,0,2.52,97.45,0.03,0.2114,200
hp1_B,hp1,B_authors,kl,1,-1.0,single,0,50,0.3139,22.0,31.0,0.0,0.0,546.29,0,0.0,100.0,0.0,,50
hp1_B,hp1,B_authors,kl,1,-1.0,oracle,50,50,0.6049,18.0,52.34,0.0,0.0,624.55,0,0.0,100.0,0.0,,200
hp1_B,hp1,B_authors,kl,1,-1.0,chained,50,50,0.2639,10.0,30.08,0.0,0.0,595.08,0,0.0,100.0,0.0,,200
hp1_B,hp1,B_authors,kl,1,0.0,single,0,50,0.0,0.0,1.96,0.0,0.0,0.0,0,100.0,0.0,0.0,,50
hp1_B,hp1,B_authors,kl,1,0.0,oracle,50,50,0.0,0.0,2.26,0.0,0.0,0.0,0,100.0,0.0,0.0,,200
hp1_B,hp1,B_authors,kl,1,0.0,chained,50,50,0.0,0.0,2.04,0.0,0.0,0.0,0,100.0,0.0,0.0,,200
hp1_B,hp1,B_authors,kl,1,1.0,single,0,50,0.0,0.0,1.96,138.5,0.9619,142.62,0,6.04,59.42,34.54,1.1222,50
hp1_B,hp1,B_authors,kl,1,1.0,oracle,50,50,0.0045,0.0,2.9,144.45,0.8625,151.15,0,21.46,39.96,38.58,1.3697,200
hp1_B,hp1,B_authors,kl,1,1.0,chained,50,50,0.0,0.0,2.2,127.73,0.8625,130.01,0,19.94,55.28,24.78,1.4229,200
hp1_B,hp1,B_authors,kl,1,1.5,single,0,50,0.0,0.0,1.96,216.76,0.9759,218.06,0,3.63,70.13,26.24,1.0672,50
hp1_B,hp1,B_authors,kl,1,1.5,oracle,50,50,0.0,0.0,2.3,234.74,0.9047,238.91,0,13.79,52.38,33.82,1.2697,200
hp1_B,hp1,B_authors,kl,1,1.5,chained,50,50,0.0,0.0,2.12,205.14,0.9047,208.85,0,14.33,65.24,20.43,1.3894,200
hp1_B,hp1,B_authors,kl,1,3.0,single,0,50,0.018,2.0,5.0,419.82,0.9743,420.27,0,1.62,92.49,5.88,1.073,50
hp1_B,hp1,B_authors,kl,1,3.0,oracle,50,50,0.0155,0.0,6.38,460.99,0.9553,452.65,0,6.39,82.52,11.09,1.2134,200
hp1_B,hp1,B_authors,kl,1,3.0,chained,50,50,0.0,0.0,2.48,415.99,0.9553,406.04,0,7.5,84.24,8.26,1.2134,200
hp1_B,hp1,B_authors,kl,1,5.0,single,0,50,0.0687,4.0,10.08,426.58,0.7535,423.35,0,0.97,98.21,0.81,0.7658,50
hp1_B,hp1,B_authors,kl,1,5.0,oracle,50,50,0.106,0.0,15.02,541.89,0.804,542.44,0,3.7,94.46,1.84,0.824,200
hp1_B,hp1,B_authors,kl,1,5.0,chained,50,50,0.0321,0.0,5.92,493.23,0.839,488.84,0,3.48,94.9,1.62,0.9351,200
hp1_B,hp1,B_authors,kl,1,10.0,single,0,50,0.1308,6.0,15.04,465.93,0.3845,469.51,0,0.3,99.44,0.25,0.3956,50
hp1_B,hp1,B_authors,kl,1,10.0,oracle,50,50,0.2441,0.0,26.02,570.62,0.4805,572.4,0,1.61,97.83,0.56,0.4779,200
hp1_B,hp1,B_authors,kl,1,10.0,chained,50,50,0.0774,0.0,10.76,523.88,0.4805,525.56,0,3.65,95.71,0.63,0.4758,200
hp1_B,hp1,B_authors,kl,1,20.0,single,0,50,0.3139,22.0,31.0,546.39,0.1892,546.28,0,0.0,99.97,0.03,0.1916,50
hp1_B,hp1,B_authors,kl,1,20.0,oracle,50,50,0.5907,16.0,50.78,627.2,0.2458,622.86,0,0.0,99.79,0.21,0.2411,200
hp1_B,hp1,B_authors,kl,1,20.0,chained,50,50,0.2493,8.0,28.7,592.86,0.2248,590.93,0,0.49,99.38,0.12,0.2245,200
hp1_B_nodebt,hp1,B_authors,kl,0,-1.0,single,0,50,0.3139,22.0,31.0,0.0,0.0,546.29,0,0.0,100.0,0.0,,50
hp1_B_nodebt,hp1,B_authors,kl,0,-1.0,oracle,50,50,0.6049,18.0,52.34,0.0,0.0,624.55,0,0.0,100.0,0.0,,200
hp1_B_nodebt,hp1,B_authors,kl,0,0.0,single,0,50,0.0,0.0,1.96,0.0,0.0,0.0,0,100.0,0.0,0.0,,50
hp1_B_nodebt,hp1,B_authors,kl,0,0.0,oracle,50,50,0.0,0.0,2.26,0.0,0.0,0.0,0,100.0,0.0,0.0,,200
hp1_B_nodebt,hp1,B_authors,kl,0,1.0,single,0,50,0.0,0.0,2.02,140.21,1.0,141.11,0,0.0,54.94,45.06,1.285,50
hp1_B_nodebt,hp1,B_authors,kl,0,1.0,oracle,50,50,0.0,0.0,3.6,190.57,1.0,184.8,0,0.0,40.06,59.94,1.5824,200
hp1_B_nodebt,hp1,B_authors,kl,0,3.0,single,0,50,0.0379,0.0,6.78,458.31,1.0,460.74,0,0.0,91.55,8.45,1.0415,50
hp1_B_nodebt,hp1,B_authors,kl,0,3.0,oracle,50,50,0.1615,0.0,22.48,520.87,1.0,520.83,0,0.0,85.75,14.25,1.2084,200
hp1_B_nodebt,hp1,B_authors,kl,0,5.0,single,0,50,0.2219,14.0,23.72,531.46,0.756,530.04,0,0.0,99.53,0.47,0.7665,50
hp1_B_nodebt,hp1,B_authors,kl,0,5.0,oracle,50,50,0.481,8.0,43.78,622.11,0.9925,618.4,0,0.0,98.22,1.78,0.9936,200
hp1_B_nodebt,hp1,B_authors,kl,0,10.0,single,0,50,0.3139,22.0,31.0,546.36,0.3783,546.28,0,0.0,99.94,0.06,0.3833,50
hp1_B_nodebt,hp1,B_authors,kl,0,10.0,oracle,50,50,0.5964,18.0,51.6,629.06,0.4917,624.98,0,0.0,99.83,0.17,0.4822,200
hp1_B_pathwise,hp1,B_authors,pathwise,1,-1.0,single,0,50,0.3139,22.0,31.0,0.0,0.0,546.29,0,0.0,100.0,0.0,,50
hp1_B_pathwise,hp1,B_authors,pathwise,1,-1.0,oracle,50,50,0.6049,18.0,52.34,0.0,0.0,624.55,0,0.0,100.0,0.0,,200
hp1_B_pathwise,hp1,B_authors,pathwise,1,0.0,single,0,50,0.0,0.0,1.96,0.0,0.0,0.0,0,100.0,0.0,0.0,,50
hp1_B_pathwise,hp1,B_authors,pathwise,1,0.0,oracle,50,50,0.0,0.0,2.26,0.0,0.0,0.0,0,100.0,0.0,0.0,,200
hp1_B_pathwise,hp1,B_authors,pathwise,1,3.0,single,0,50,0.0187,2.0,3.72,390.6,0.9653,390.41,0,1.68,86.55,11.77,0.9562,50
hp1_B_pathwise,hp1,B_authors,pathwise,1,3.0,oracle,50,50,0.0197,0.0,6.22,409.63,1.0379,415.73,0,6.38,66.16,27.47,0.9303,200
hp1_B_pathwise,hp1,B_authors,pathwise,1,5.0,single,0,50,0.0531,2.0,6.88,488.02,0.7449,487.16,0,0.88,96.68,2.44,0.7659,50
hp1_B_pathwise,hp1,B_authors,pathwise,1,5.0,oracle,50,50,0.0648,0.0,10.7,514.09,0.8172,511.9,0,3.7,88.19,8.11,0.8936,200
hp1_B_pathwise,hp1,B_authors,pathwise,1,10.0,single,0,50,0.0942,4.0,12.04,456.59,0.3845,455.79,0,0.3,98.76,0.93,0.3956,50
hp1_B_pathwise,hp1,B_authors,pathwise,1,10.0,oracle,50,50,0.2189,0.0,24.86,558.85,0.4805,560.36,0,1.6,95.82,2.58,0.4758,200
hp1_B_pathwise,hp1,B_authors,pathwise,1,20.0,single,0,50,0.3139,22.0,30.7,553.52,0.189,554.13,0,0.0,99.69,0.31,0.1916,50
hp1_B_pathwise,hp1,B_authors,pathwise,1,20.0,oracle,50,50,0.5529,16.0,48.16,620.62,0.2458,616.96,0,0.0,98.61,1.39,0.2411,200
hp1_B_pathwise,hp1,B_authors,pathwise,1,50.0,single,0,50,0.3139,22.0,31.0,546.44,0.0757,546.29,0,0.0,100.0,0.0,0.0767,50
hp1_B_pathwise,hp1,B_authors,pathwise,1,50.0,oracle,50,50,0.6049,18.0,52.34,628.07,0.0983,624.55,0,0.0,100.0,0.0,0.0964,200
hp1_greedy,hp1,A_temp1,kl,1,-1.0,single,0,50,0.558,44.0,58.94,0.0,0.0,527.21,0,0.0,100.0,0.0,,50
hp1_greedy,hp1,A_temp1,kl,1,-1.0,oracle,50,50,0.7713,46.0,74.04,0.0,0.0,573.15,0,0.0,100.0,0.0,,200
hp1_greedy,hp1,A_temp1,kl,1,-1.0,chained,50,50,0.5267,38.0,59.38,0.0,0.0,540.13,0,0.0,100.0,0.0,,200
hp1_greedy,hp1,A_temp1,kl,1,0.0,single,0,50,0.0,0.0,1.92,0.0,0.0,0.0,0,100.0,0.0,0.0,,50
hp1_greedy,hp1,A_temp1,kl,1,0.0,oracle,50,50,0.006,0.0,4.22,0.0,0.0,0.0,0,100.0,0.0,0.0,,200
hp1_greedy,hp1,A_temp1,kl,1,0.0,chained,50,50,0.0,0.0,1.92,0.0,0.0,0.0,0,100.0,0.0,0.0,,200
