constraint,k,L,prompt_id,window,S_i,K_i,surplus,attempts,matched,attempts_to_match,bound_success_prob,bound_expected_attempts
kl,-1.0,50,bookmia.00.11,0,122.65,-50.0,172.65,1,1,1,1.0,1.0
kl,-1.0,50,bookmia.00.11,1,132.54,-50.0,182.54,4,1,4,1.0,1.0
kl,-1.0,50,bookmia.00.11,2,147.72,-50.0,197.72,1,1,1,1.0,1.0
kl,-1.0,50,bookmia.00.11,3,119.3,-50.0,169.3,2,1,2,1.0,1.0
kl,-1.0,50,bookmia.00.11,4,94.52,-50.0,144.52,8,0,,1.0,1.0
kl,-1.0,50,bookmia.00.26,0,152.37,-50.0,202.37,8,0,,1.0,1.0
kl,-1.0,50,bookmia.00.26,1,152.72,-50.0,202.72,2,1,2,1.0,1.0
kl,-1.0,50,bookmia.00.26,2,144.08,-50.0,194.08,1,1,1,1.0,1.0
kl,-1.0,50,bookmia.00.26,3,142.92,-50.0,192.92,1,1,1,1.0,1.0
kl,-1.0,50,bookmia.00.26,4,133.63,-50.0,183.63,8,0,,1.0,1.0
kl,-1.0,50,bookmia.00.31,0,106.8,-50.0,156.8,8,0,,1.0,1.0
kl,-1.0,50,bookmia.00.31,1,164.66,-50.0,214.66,8,0,,1.0,1.0
kl,-1.0,50,bookmia.00.31,2,159.96,-50.0,209.96,1,1,1,1.0,1.0
kl,-1.0,50,bookmia.00.31,3,131.07,-50.0,181.07,1,1,1,1.0,1.0
kl,-1.0,50,bookmia.00.31,4,132.84,-50.0,182.84,8,0,,1.0,1.0
kl,-1.0,50,bookmia.00.40,0,169.49,-50.0,219.49,1,1,1,1.0,1.0
kl,-1.0,50,bookmia.00.40,1,142.84,-50.0,192.84,8,0,,1.0,1.0
kl,-1.0,50,bookmia.00.40,2,135.65,-50.0,185.65,7,1,7,1.0,1.0
kl,-1.0,50,bookmia.00.40,3,144.71,-50.0,194.71,1,1,1,1.0,1.0
kl,-1.0,50,bookmia.00.40,4,137.6,-50.0,187.6,1,1,1,1.0,1.0
kl,-1.0,50,bookmia.00.40,5,29.97,-50.0,79.97,8,0,,1.0,1.0
kl,-1.0,50,bookmia.00.46,0,179.75,-50.0,229.75,8,0,,1.0,1.0
kl,-1.0,50,bookmia.00.46,1,138.46,-50.0,188.46,1,1,1,1.0,1.0
kl,-1.0,50,bookmia.00.46,2,149.48,-50.0,199.48,1,1,1,1.0,1.0
kl,-1.0,50,bookmia.00.46,3,171.12,-50.0,221.12,1,1,1,1.0,1.0
kl,-1.0,50,bookmia.00.46,4,155.21,-50.0,205.21,1,1,1,1.0,1.0
kl,-1.0,50,bookmia.00.46,5,6.91,-50.0,56.91,8,0,,1.0,1.0
kl,-1.0,50,bookmia.00.48,0,158.89,-50.0,208.89,2,1,2,1.0,1.0
kl,-1.0,50,bookmia.00.48,1,135.4,-50.0,185.4,8,0,,1.0,1.0
kl,-1.0,50,bookmia.00.48,2,149.59,-50.0,199.59,1,1,1,1.0,1.0
kl,-1.0,50,bookmia.00.48,3,170.64,-50.0,220.64,6,1,6,1.0,1.0
kl,-1.0,50,bookmia.00.48,4,144.88,-50.0,194.88,8,0,,1.0,1.0
kl,-1.0,50,bookmia.00.48,5,25.81,-50.0,75.81,8,0,,1.0,1.0
kl,-1.0,50,bookmia.00.64,0,172.27,-50.0,222.27,8,1,8,1.0,1.0
kl,-1.0,50,bookmia.00.64,1,147.28,-50.0,197.28,5,1,5,1.0,1.0
kl,-1.0,50,bookmia.00.64,2,118.88,-50.0,168.88,4,1,4,1.0,1.0
kl,-1.0,50,bookmia.00.64,3,126.73,-50.0,176.73,1,1,1,1.0,1.0
kl,-1.0,50,bookmia.00.64,4,126.61,-50.0,176.61,1,1,1,1.0,1.0
kl,-1.0,50,bookmia.00.64,5,22.28,-50.0,72.28,8,0,,1.0,1.0
kl,-1.0,50,bookmia.00.71,0,197.4,-50.0,247.4,1,1,1,1.0,1.0
kl,-1.0,50,bookmia.00.71,1,166.28,-50.0,216.28,1,1,1,1.0,1.0
kl,-1.0,50,bookmia.00.71,2,143.92,-50.0,193.92,8,0,,1.0,1.0
kl,-1.0,50,bookmia.00.71,3,145.06,-50.0,195.06,2,1,2,1.0,1.0
kl,-1.0,50,bookmia.00.71,4,146.51,-50.0,196.51,1,1,1,1.0,1.0
kl,-1.0,50,bookmia.00.71,5,38.72,-50.0,88.72,8,0,,1.0,1.0
kl,-1.0,50,bookmia.01.00,0,197.81,-50.0,247.81,8,0,,1.0,1.0
kl,-1.0,50,bookmia.01.00,1,183.06,-50.0,233.06,6,1,6,1.0,1.0
kl,-1.0,50,bookmia.01.00,2,159.48,-50.0,209.48,1,1,1,1.0,1.0
kl,-1.0,50,bookmia.01.00,3,141.97,-50.0,191.97,1,1,1,1.0,1.0
kl,-1.0,50,bookmia.01.00,4,127.94,-50.0,177.94,1,1,1,1.0,1.0
kl,-1.0,50,bookmia.01.00,5,42.97,-50.0,92.97,8,0,,1.0,1.0
kl,-1.0,50,bookmia.01.01,0,191.31,-50.0,241.31,8,0,,1.0,1.0
kl,-1.0,50,bookmia.01.01,1,148.19,-50.0,198.19,1,1,1,1.0,1.0
kl,-1.0,50,bookmia.01.01,2,174.57,-50.0,224.57,1,1,1,1.0,1.0
kl,-1.0,50,bookmia.01.01,3,154.51,-50.0,204.51,1,1,1,1.0,1.0
kl,-1.0,50,bookmia.01.01,4,160.31,-50.0,210.31,3,1,3,1.0,1.0
kl,-1.0,50,bookmia.01.01,5,80.28,-50.0,130.28,8,0,,1.0,1.0
kl,-1.0,50,bookmia.01.02,0,188.86,-50.0,238.86,1,1,1,1.0,1.0
kl,-1.0,50,bookmia.01.02,1,145.0,-50.0,195.0,1,1,1,1.0,1.0
kl,-1.0,50,bookmia.01.02,2,189.6,-50.0,239.6,1,1,1,1.0,1.0
kl,-1.0,50,bookmia.01.02,3,142.94,-50.0,192.94,1,1,1,1.0,1.0
kl,-1.0,50,bookmia.01.02,4,168.24,-50.0,218.24,1,1,1,1.0,1.0
kl,-1.0,50,bookmia.01.02,5,85.94,-50.0,135.94,8,0,,1.0,1.0
kl,-1.0,50,bookmia.01.03,0,154.47,-50.0,204.47,2,1,2,1.0,1.0
kl,-1.0,50,bookmia.01.03,1,154.97,-50.0,204.97,1,1,1,1.0,1.0
kl,-1.0,50,bookmia.01.03,2,161.0,-50.0,211.0,1,1,1,1.0,1.0
kl,-1.0,50,bookmia.01.03,3,163.25,-50.0,213.25,1,1,1,1.0,1.0
kl,-1.0,50,bookmia.01.03,4,169.04,-50.0,219.04,1,1,1,1.0,1.0
kl,-1.0,50,bookmia.01.03,5,12.62,-50.0,62.62,8,0,,1.0,1.0
kl,-1.0,50,bookmia.01.04,0,163.16,-50.0,213.16,1,1,1,1.0,1.0
kl,-1.0,50,bookmia.01.04,1,180.56,-50.0,230.56,8,0,,1.0,1.0
kl,-1.0,50,bookmia.01.04,2,215.33,-50.0,265.33,1,1,1,1.0,1.0
kl,-1.0,50,bookmia.01.04,3,146.31,-50.0,196.31,1,1,1,1.0,1.0
kl,-1.0,50,bookmia.01.04,4,161.88,-50.0,211.88,1,1,1,1.0,1.0
kl,-1.0,50,bookmia.01.04,5,22.44,-50.0,72.44,8,0,,1.0,1.0
kl,-1.0,50,bookmia.01.07,0,206.33,-50.0,256.33,3,1,3,1.0,1.0
kl,-1.0,50,bookmia.01.07,1,164.86,-50.0,214.86,1,1,1,1.0,1.0
kl,-1.0,50,bookmia.01.07,2,165.84,-50.0,215.84,3,1,3,1.0,1.0
kl,-1.0,50,bookmia.01.07,3,166.58,-50.0,216.58,1,1,1,1.0,1.0
kl,-1.0,50,bookmia.01.07,4,192.88,-50.0,242.88,2,1,2,1.0,1.0
kl,-1.0,50,bookmia.01.07,5,28.84,-50.0,78.84,8,0,,1.0,1.0
kl,-1.0,50,bookmia.01.10,0,164.3,-50.0,214.3,3,1,3,1.0,1.0
kl,-1.0,50,bookmia.01.10,1,163.25,-50.0,213.25,8,0,,1.0,1.0
kl,-1.0,50,bookmia.01.10,2,124.83,-50.0,174.83,1,1,1,1.0,1.0
kl,-1.0,50,bookmia.01.10,3,185.12,-50.0,235.12,1,1,1,1.0,1.0
kl,-1.0,50,bookmia.01.10,4,184.85,-50.0,234.85,1,1,1,1.0,1.0
kl,-1.0,50,bookmia.01.10,5,26.35,-50.0,76.35,8,0,,1.0,1.0
kl,-1.0,50,bookmia.01.11,0,139.01,-50.0,189.01,1,1,1,1.0,1.0
kl,-1.0,50,bookmia.01.11,1,132.2,-50.0,182.2,1,1,1,1.0,1.0
kl,-1.0,50,bookmia.01.11,2,141.9,-50.0,191.9,2,1,2,1.0,1.0
kl,-1.0,50,bookmia.01.11,3,127.85,-50.0,177.85,1,1,1,1.0,1.0
kl,-1.0,50,bookmia.01.11,4,141.71,-50.0,191.71,1,1,1,1.0,1.0
kl,-1.0,50,bookmia.01.11,5,30.94,-50.0,80.94,8,0,,1.0,1.0
kl,-1.0,50,bookmia.01.12,0,172.66,-50.0,222.66,8,0,,1.0,1.0
kl,-1.0,50,bookmia.01.12,1,193.11,-50.0,243.11,8,0,,1.0,1.0
kl,-1.0,50,bookmia.01.12,2,161.4,-50.0,211.4,8,0,,1.0,1.0
kl,-1.0,50,bookmia.01.12,3,137.0,-50.0,187.0,8,0,,1.0,1.0
kl,-1.0,50,bookmia.01.12,4,148.08,-50.0,198.08,1,1,1,1.0,1.0
kl,-1.0,50,bookmia.01.12,5,116.44,-50.0,166.44,8,0,,1.0,1.0
kl,-1.0,50,bookmia.01.14,0,218.31,-50.0,268.31,1,1,1,1.0,1.0
kl,-1.0,50,bookmia.01.14,1,160.22,-50.0,210.22,1,1,1,1.0,1.0
kl,-1.0,50,bookmia.01.14,2,137.22,-50.0,187.22,1,1,1,1.0,1.0
kl,-1.0,50,bookmia.01.14,3,162.92,-50.0,212.92,2,1,2,1.0,1.0
kl,-1.0,50,bookmia.01.14,4,140.92,-50.0,190.92,2,1,2,1.0,1.0
kl,-1.0,50,bookmia.01.14,5,40.2,-50.0,90.2,8,0,,1.0,1.0
kl,-1.0,50,bookmia.01.20,0,186.26,-50.0,236.26,8,0,,1.0,1.0
kl,-1.0,50,bookmia.01.20,1,151.51,-50.0,201.51,3,1,3,1.0,1.0
kl,-1.0,50,bookmia.01.20,2,150.27,-50.0,200.27,8,0,,1.0,1.0
kl,-1.0,50,bookmia.01.20,3,185.33,-50.0,235.33,1,1,1,1.0,1.0
kl,-1.0,50,bookmia.01.20,4,155.88,-50.0,205.88,1,1,1,1.0,1.0
kl,-1.0,50,bookmia.01.20,5,29.47,-50.0,79.47,8,0,,1.0,1.0
kl,-1.0,50,bookmia.01.22,0,184.19,-50.0,234.19,1,1,1,1.0,1.0
kl,-1.0,50,bookmia.01.22,1,163.58,-50.0,213.58,1,1,1,1.0,1.0
kl,-1.0,50,bookmia.01.22,2,144.91,-50.0,194.91,4,1,4,1.0,1.0
kl,-1.0,50,bookmia.01.22,3,164.07,-50.0,214.07,2,1,2,1.0,1.0
kl,-1.0,50,bookmia.01.22,4,128.85,-50.0,178.85,8,1,8,1.0,1.0
kl,-1.0,50,bookmia.01.22,5,93.1,-50.0,143.1,8,0,,1.0,1.0
kl,-1.0,50,bookmia.01.23,0,156.24,-50.0,206.24,8,0,,1.0,1.0
kl,-1.0,50,bookmia.01.23,1,147.89,-50.0,197.89,5,1,5,1.0,1.0
kl,-1.0,50,bookmia.01.23,2,161.02,-50.0,211.02,2,1,2,1.0,1.0
kl,-1.0,50,bookmia.01.23,3,172.37,-50.0,222.37,1,1,1,1.0,1.0
kl,-1.0,50,bookmia.01.23,4,152.14,-50.0,202.14,4,1,4,1.0,1.0
kl,-1.0,50,bookmia.01.23,5,13.26,-50.0,63.26,8,0,,1.0,1.0
kl,-1.0,50,bookmia.01.26,0,212.96,-50.0,262.96,8,1,8,1.0,1.0
kl,-1.0,50,bookmia.01.26,1,173.97,-50.0,223.97,1,1,1,1.0,1.0
kl,-1.0,50,bookmia.01.26,2,131.38,-50.0,181.38,8,0,,1.0,1.0
kl,-1.0,50,bookmia.01.26,3,129.1,-50.0,179.1,1,1,1,1.0,1.0
kl,-1.0,50,bookmia.01.26,4,136.75,-50.0,186.75,8,0,,1.0,1.0
kl,-1.0,50,bookmia.01.26,5,67.17,-50.0,117.17,8,0,,1.0,1.0
kl,-1.0,50,bookmia.01.27,0,153.8,-50.0,203.8,1,1,1,1.0,1.0
kl,-1.0,50,bookmia.01.27,1,165.99,-50.0,215.99,1,1,1,1.0,1.0
kl,-1.0,50,bookmia.01.27,2,142.83,-50.0,192.83,1,1,1,1.0,1.0
kl,-1.0,50,bookmia.01.27,3,150.41,-50.0,200.41,2,1,2,1.0,1.0
kl,-1.0,50,bookmia.01.27,4,172.14,-50.0,222.14,1,1,1,1.0,1.0
kl,-1.0,50,bookmia.01.27,5,28.45,-50.0,78.45,8,0,,1.0,1.0
kl,-1.0,50,bookmia.01.31,0,204.46,-50.0,254.46,1,1,1,1.0,1.0
kl,-1.0,50,bookmia.01.31,1,164.46,-50.0,214.46,1,1,1,1.0,1.0
kl,-1.0,50,bookmia.01.31,2,137.27,-50.0,187.27,2,1,2,1.0,1.0
kl,-1.0,50,bookmia.01.31,3,152.53,-50.0,202.53,1,1,1,1.0,1.0
kl,-1.0,50,bookmia.01.31,4,146.14,-50.0,196.14,1,1,1,1.0,1.0
kl,-1.0,50,bookmia.01.31,5,21.11,-50.0,71.11,8,0,,1.0,1.0
kl,-1.0,50,bookmia.01.32,0,183.91,-50.0,233.91,3,1,3,1.0,1.0
kl,-1.0,50,bookmia.01.32,1,226.77,-50.0,276.77,8,0,,1.0,1.0
kl,-1.0,50,bookmia.01.32,2,167.92,-50.0,217.92,2,1,2,1.0,1.0
kl,-1.0,50,bookmia.01.32,3,139.17,-50.0,189.17,8,0,,1.0,1.0
kl,-1.0,50,bookmia.01.32,4,155.77,-50.0,205.77,3,1,3,1.0,1.0
kl,-1.0,50,bookmia.01.32,5,28.52,-50.0,78.52,8,0,,1.0,1.0
kl,-1.0,50,bookmia.01.33,0,187.26,-50.0,237.26,1,1,1,1.0,1.0
kl,-1.0,50,bookmia.01.33,1,166.26,-50.0,216.26,8,0,,1.0,1.0
kl,-1.0,50,bookmia.01.33,2,222.3,-50.0,272.3,1,1,1,1.0,1.0
kl,-1.0,50,bookmia.01.33,3,150.68,-50.0,200.68,1,1,1,1.0,1.0
kl,-1.0,50,bookmia.01.33,4,160.5,-50.0,210.5,1,1,1,1.0,1.0
kl,-1.0,50,bookmia.01.33,5,66.05,-50.0,116.05,8,0,,1.0,1.0
kl,-1.0,50,bookmia.01.36,0,138.94,-50.0,188.94,2,1,2,1.0,1.0
kl,-1.0,50,bookmia.01.36,1,160.42,-50.0,210.42,1,1,1,1.0,1.0
kl,-1.0,50,bookmia.01.36,2,149.31,-50.0,199.31,1,1,1,1.0,1.0
kl,-1.0,50,bookmia.01.36,3,157.41,-50.0,207.41,1,1,1,1.0,1.0
kl,-1.0,50,bookmia.01.36,4,184.55,-50.0,234.55,8,0,,1.0,1.0
kl,-1.0,50,bookmia.01.36,5,58.44,-50.0,108.44,8,0,,1.0,1.0
kl,-1.0,50,bookmia.01.37,0,182.45,-50.0,232.45,1,1,1,1.0,1.0
kl,-1.0,50,bookmia.01.37,1,165.86,-50.0,215.86,1,1,1,1.0,1.0
kl,-1.0,50,bookmia.01.37,2,142.02,-50.0,192.02,3,1,3,1.0,1.0
kl,-1.0,50,bookmia.01.37,3,134.18,-50.0,184.18,8,0,,1.0,1.0
kl,-1.0,50,bookmia.01.37,4,143.22,-50.0,193.22,1,1,1,1.0,1.0
kl,-1.0,50,bookmia.01.37,5,32.78,-50.0,82.78,8,0,,1.0,1.0
kl,-1.0,50,bookmia.01.39,0,199.98,-50.0,249.98,1,1,1,1.0,1.0
kl,-1.0,50,bookmia.01.39,1,164.67,-50.0,214.67,8,0,,1.0,1.0
kl,-1.0,50,bookmia.01.39,2,198.43,-50.0,248.43,8,0,,1.0,1.0
kl,-1.0,50,bookmia.01.39,3,181.43,-50.0,231.43,1,1,1,1.0,1.0
kl,-1.0,50,bookmia.01.39,4,142.53,-50.0,192.53,1,1,1,1.0,1.0
kl,-1.0,50,bookmia.01.39,5,25.49,-50.0,75.49,8,0,,1.0,1.0
kl,-1.0,50,bookmia.01.41,0,171.09,-50.0,221.09,3,1,3,1.0,1.0
kl,-1.0,50,bookmia.01.41,1,172.94,-50.0,222.94,1,1,1,1.0,1.0
kl,-1.0,50,bookmia.01.41,2,128.96,-50.0,178.96,1,1,1,1.0,1.0
kl,-1.0,50,bookmia.01.41,3,171.57,-50.0,221.57,1,1,1,1.0,1.0
kl,-1.0,50,bookmia.01.41,4,157.16,-50.0,207.16,2,1,2,1.0,1.0
kl,-1.0,50,bookmia.01.41,5,21.08,-50.0,71.08,8,0,,1.0,1.0
kl,-1.0,50,bookmia.01.42,0,161.19,-50.0,211.19,3,1,3,1.0,1.0
kl,-1.0,50,bookmia.01.42,1,155.91,-50.0,205.91,1,1,1,1.0,1.0
kl,-1.0,50,bookmia.01.42,2,134.97,-50.0,184.97,1,1,1,1.0,1.0
kl,-1.0,50,bookmia.01.42,3,170.76,-50.0,220.76,8,0,,1.0,1.0
kl,-1.0,50,bookmia.01.42,4,198.19,-50.0,248.19,1,1,1,1.0,1.0
kl,-1.0,50,bookmia.01.42,5,0.5,-50.0,50.5,8,0,,1.0,1.0
kl,-1.0,50,bookmia.01.43,0,196.09,-50.0,246.09,6,1,6,1.0,1.0
kl,-1.0,50,bookmia.01.43,1,211.0,-50.0,261.0,8,0,,1.0,1.0
kl,-1.0,50,bookmia.01.43,2,179.76,-50.0,229.76,8,0,,1.0,1.0
kl,-1.0,50,bookmia.01.43,3,201.73,-50.0,251.73,2,1,2,1.0,1.0
kl,-1.0,50,bookmia.01.43,4,151.41,-50.0,201.41,3,1,3,1.0,1.0
kl,-1.0,50,bookmia.01.43,5,133.82,-50.0,183.82,8,0,,1.0,1.0
kl,-1.0,50,bookmia.01.44,0,246.12,-50.0,296.12,2,1,2,1.0,1.0
kl,-1.0,50,bookmia.01.44,1,140.19,-50.0,190.19,8,0,,1.0,1.0
kl,-1.0,50,bookmia.01.44,2,160.59,-50.0,210.59,1,1,1,1.0,1.0
kl,-1.0,50,bookmia.01.44,3,154.63,-50.0,204.63,2,1,2,1.0,1.0
kl,-1.0,50,bookmia.01.44,4,165.24,-50.0,215.24,1,1,1,1.0,1.0
kl,-1.0,50,bookmia.01.44,5,59.53,-50.0,109.53,8,0,,1.0,1.0
kl,-1.0,50,bookmia.01.46,0,210.0,-50.0,260.0,6,1,6,1.0,1.0
kl,-1.0,50,bookmia.01.46,1,195.94,-50.0,245.94,8,0,,1.0,1.0
kl,-1.0,50,bookmia.01.46,2,123.84,-50.0,173.84,2,1,2,1.0,1.0
kl,-1.0,50,bookmia.01.46,3,162.15,-50.0,212.15,2,1,2,1.0,1.0
kl,-1.0,50,bookmia.01.46,4,201.45,-50.0,251.45,8,0,,1.0,1.0
kl,-1.0,50,bookmia.01.46,5,33.77,-50.0,83.77,8,0,,1.0,1.0
kl,-1.0,50,bookmia.01.49,0,168.77,-50.0,218.77,1,1,1,1.0,1.0
kl,-1.0,50,bookmia.01.49,1,176.56,-50.0,226.56,4,1,4,1.0,1.0
kl,-1.0,50,bookmia.01.49,2,179.62,-50.0,229.62,8,0,,1.0,1.0
kl,-1.0,50,bookmia.01.49,3,119.04,-50.0,169.04,8,0,,1.0,1.0
kl,-1.0,50,bookmia.01.49,4,141.78,-50.0,191.78,1,1,1,1.0,1.0
kl,-1.0,50,bookmia.01.49,5,107.41,-50.0,157.41,8,0,,1.0,1.0
kl,-1.0,50,bookmia.01.51,0,149.85,-50.0,199.85,1,1,1,1.0,1.0
kl,-1.0,50,bookmia.01.51,1,172.04,-50.0,222.04,1,1,1,1.0,1.0
kl,-1.0,50,bookmia.01.51,2,148.22,-50.0,198.22,1,1,1,1.0,1.0
kl,-1.0,50,bookmia.01.51,3,164.81,-50.0,214.81,2,1,2,1.0,1.0
kl,-1.0,50,bookmia.01.51,4,134.95,-50.0,184.95,1,1,1,1.0,1.0
kl,-1.0,50,bookmia.01.51,5,50.59,-50.0,100.59,8,0,,1.0,1.0
kl,-1.0,50,bookmia.01.52,0,174.23,-50.0,224.23,1,1,1,1.0,1.0
kl,-1.0,50,bookmia.01.52,1,119.31,-50.0,169.31,1,1,1,1.0,1.0
kl,-1.0,50,bookmia.01.52,2,159.24,-50.0,209.24,1,1,1,1.0,1.0
kl,-1.0,50,bookmia.01.52,3,123.65,-50.0,173.65,1,1,1,1.0,1.0
kl,-1.0,50,bookmia.01.52,4,161.42,-50.0,211.42,1,1,1,1.0,1.0
kl,-1.0,50,bookmia.01.52,5,98.87,-50.0,148.87,8,0,,1.0,1.0
kl,-1.0,50,bookmia.01.58,0,199.31,-50.0,249.31,8,0,,1.0,1.0
kl,-1.0,50,bookmia.01.58,1,152.62,-50.0,202.62,1,1,1,1.0,1.0
kl,-1.0,50,bookmia.01.58,2,124.1,-50.0,174.1,1,1,1,1.0,1.0
kl,-1.0,50,bookmia.01.58,3,106.59,-50.0,156.59,1,1,1,1.0,1.0
kl,-1.0,50,bookmia.01.58,4,131.29,-50.0,181.29,1,1,1,1.0,1.0
kl,-1.0,50,bookmia.01.58,5,11.11,-50.0,61.11,8,0,,1.0,1.0
kl,-1.0,50,bookmia.01.59,0,187.73,-50.0,237.73,1,1,1,1.0,1.0
kl,-1.0,50,bookmia.01.59,1,183.12,-50.0,233.12,2,1,2,1.0,1.0
kl,-1.0,50,bookmia.01.59,2,156.56,-50.0,206.56,3,1,3,1.0,1.0
kl,-1.0,50,bookmia.01.59,3,193.45,-50.0,243.45,1,1,1,1.0,1.0
kl,-1.0,50,bookmia.01.59,4,170.26,-50.0,220.26,3,1,3,1.0,1.0
kl,-1.0,50,bookmia.01.59,5,80.17,-50.0,130.17,8,0,,1.0,1.0
kl,-1.0,50,bookmia.01.60,0,210.77,-50.0,260.77,3,1,3,1.0,1.0
kl,-1.0,50,bookmia.01.60,1,210.94,-50.0,260.94,8,0,,1.0,1.0
kl,-1.0,50,bookmia.01.60,2,159.42,-50.0,209.42,2,1,2,1.0,1.0
kl,-1.0,50,bookmia.01.60,3,189.17,-50.0,239.17,5,1,5,1.0,1.0
kl,-1.0,50,bookmia.01.60,4,134.27,-50.0,184.27,1,1,1,1.0,1.0
kl,-1.0,50,bookmia.01.60,5,82.38,-50.0,132.38,8,0,,1.0,1.0
kl,-1.0,50,bookmia.01.62,0,201.48,-50.0,251.48,2,1,2,1.0,1.0
kl,-1.0,50,bookmia.01.62,1,149.48,-50.0,199.48,1,1,1,1.0,1.0
kl,-1.0,50,bookmia.01.62,2,205.46,-50.0,255.46,1,1,1,1.0,1.0
kl,-1.0,50,bookmia.01.62,3,161.3,-50.0,211.3,3,1,3,1.0,1.0
kl,-1.0,50,bookmia.01.62,4,141.78,-50.0,191.78,1,1,1,1.0,1.0
kl,-1.0,50,bookmia.01.62,5,30.53,-50.0,80.53,8,0,,1.0,1.0
kl,-1.0,50,bookmia.01.69,0,186.78,-50.0,236.78,8,0,,1.0,1.0
kl,-1.0,50,bookmia.01.69,1,166.0,-50.0,216.0,3,1,3,1.0,1.0
kl,-1.0,50,bookmia.01.69,2,170.25,-50.0,220.25,1,1,1,1.0,1.0
kl,-1.0,50,bookmia.01.69,3,184.38,-50.0,234.38,1,1,1,1.0,1.0
kl,-1.0,50,bookmia.01.69,4,170.71,-50.0,220.71,1,1,1,1.0,1.0
kl,-1.0,50,bookmia.01.69,5,40.94,-50.0,90.94,8,0,,1.0,1.0
kl,-1.0,50,bookmia.01.71,0,190.38,-50.0,240.38,2,1,2,1.0,1.0
kl,-1.0,50,bookmia.01.71,1,159.48,-50.0,209.48,1,1,1,1.0,1.0
kl,-1.0,50,bookmia.01.71,2,187.47,-50.0,237.47,2,1,2,1.0,1.0
kl,-1.0,50,bookmia.01.71,3,165.58,-50.0,215.58,2,1,2,1.0,1.0
kl,-1.0,50,bookmia.01.71,4,129.23,-50.0,179.23,8,0,,1.0,1.0
kl,-1.0,50,bookmia.01.71,5,81.86,-50.0,131.86,8,0,,1.0,1.0
kl,-1.0,50,bookmia.01.73,0,168.91,-50.0,218.91,2,1,2,1.0,1.0
kl,-1.0,50,bookmia.01.73,1,181.13,-50.0,231.13,1,1,1,1.0,1.0
kl,-1.0,50,bookmia.01.73,2,136.82,-50.0,186.82,2,1,2,1.0,1.0
kl,-1.0,50,bookmia.01.73,3,174.88,-50.0,224.88,8,0,,1.0,1.0
kl,-1.0,50,bookmia.01.73,4,149.82,-50.0,199.82,2,1,2,1.0,1.0
kl,-1.0,50,bookmia.01.73,5,20.4,-50.0,70.4,8,0,,1.0,1.0
kl,-1.0,50,bookmia.01.74,0,199.67,-50.0,249.67,8,0,,1.0,1.0
kl,-1.0,50,bookmia.01.74,1,171.57,-50.0,221.57,1,1,1,1.0,1.0
kl,-1.0,50,bookmia.01.74,2,130.13,-50.0,180.13,1,1,1,1.0,1.0
kl,-1.0,50,bookmia.01.74,3,162.71,-50.0,212.71,8,0,,1.0,1.0
kl,-1.0,50,bookmia.01.74,4,153.93,-50.0,203.93,1,1,1,1.0,1.0
kl,-1.0,50,bookmia.01.74,5,36.24,-50.0,86.24,8,0,,1.0,1.0
kl,-1.0,50,bookmia.01.75,0,193.49,-50.0,243.49,4,1,4,1.0,1.0
kl,-1.0,50,bookmia.01.75,1,177.09,-50.0,227.09,2,1,2,1.0,1.0
kl,-1.0,50,bookmia.01.75,2,143.64,-50.0,193.64,2,1,2,1.0,1.0
kl,-1.0,50,bookmia.01.75,3,197.96,-50.0,247.96,6,1,6,1.0,1.0
kl,-1.0,50,bookmia.01.75,4,162.78,-50.0,212.78,1,1,1,1.0,1.0
kl,-1.0,50,bookmia.01.75,5,42.63,-50.0,92.63,8,0,,1.0,1.0
kl,-1.0,50,bookmia.01.76,0,176.29,-50.0,226.29,1,1,1,1.0,1.0
kl,-1.0,50,bookmia.01.76,1,190.56,-50.0,240.56,1,1,1,1.0,1.0
kl,-1.0,50,bookmia.01.76,2,145.5,-50.0,195.5,1,1,1,1.0,1.0
kl,-1.0,50,bookmia.01.76,3,160.99,-50.0,210.99,6,1,6,1.0,1.0
kl,-1.0,50,bookmia.01.76,4,147.44,-50.0,197.44,3,1,3,1.0,1.0
kl,-1.0,50,bookmia.01.76,5,27.42,-50.0,77.42,8,0,,1.0,1.0
kl,-1.0,50,bookmia.01.77,0,233.09,-50.0,283.09,1,1,1,1.0,1.0
kl,-1.0,50,bookmia.01.77,1,161.75,-50.0,211.75,1,1,1,1.0,1.0
kl,-1.0,50,bookmia.01.77,2,162.45,-50.0,212.45,1,1,1,1.0,1.0
kl,-1.0,50,bookmia.01.77,3,131.6,-50.0,181.6,3,1,3,1.0,1.0
kl,-1.0,50,bookmia.01.77,4,149.37,-50.0,199.37,1,1,1,1.0,1.0
kl,-1.0,50,bookmia.01.77,5,63.72,-50.0,113.72,8,0,,1.0,1.0
kl,-1.0,50,bookmia.01.78,0,201.09,-50.0,251.09,1,1,1,1.0,1.0
kl,-1.0,50,bookmia.01.78,1,142.99,-50.0,192.99,2,1,2,1.0,1.0
kl,-1.0,50,bookmia.01.78,2,153.81,-50.0,203.81,1,1,1,1.0,1.0
kl,-1.0,50,bookmia.01.78,3,153.93,-50.0,203.93,1,1,1,1.0,1.0
kl,-1.0,50,bookmia.01.78,4,148.9,-50.0,198.9,1,1,1,1.0,1.0
kl,-1.0,50,bookmia.01.78,5,21.14,-50.0,71.14,8,0,,1.0,1.0
kl,-1.0,50,bookmia.01.79,0,173.88,-50.0,223.88,1,1,1,1.0,1.0
kl,-1.0,50,bookmia.01.79,1,180.81,-50.0,230.81,2,1,2,1.0,1.0
kl,-1.0,50,bookmia.01.79,2,146.27,-50.0,196.27,8,0,,1.0,1.0
kl,-1.0,50,bookmia.01.79,3,182.9,-50.0,232.9,1,1,1,1.0,1.0
kl,-1.0,50,bookmia.01.79,4,146.72,-50.0,196.72,8,0,,1.0,1.0
kl,-1.0,50,bookmia.01.79,5,117.38,-50.0,167.38,8,0,,1.0,1.0
kl,5.0,50,bookmia.00.11,0,122.65,250.0,-127.35,1,1,1,1.0,1.0
kl,5.0,50,bookmia.00.11,1,132.54,250.0,-117.46,8,0,,1.0,1.0
kl,5.0,50,bookmia.00.11,2,147.72,250.0,-102.28,8,0,,1.0,1.0
kl,5.0,50,bookmia.00.11,3,119.3,250.0,-130.7,8,1,8,1.0,1.0
kl,5.0,50,bookmia.00.11,4,94.52,250.0,-155.48,8,0,,1.0,1.0
kl,5.0,50,bookmia.00.26,0,152.37,250.0,-97.63,8,0,,1.0,1.0
kl,5.0,50,bookmia.00.26,1,152.72,250.0,-97.28,8,0,,1.0,1.0
kl,5.0,50,bookmia.00.26,2,144.08,250.0,-105.92,8,0,,1.0,1.0
kl,5.0,50,bookmia.00.26,3,142.92,250.0,-107.08,8,0,,1.0,1.0
kl,5.0,50,bookmia.00.26,4,133.63,250.0,-116.37,8,0,,1.0,1.0
kl,5.0,50,bookmia.00.31,0,106.8,250.0,-143.2,8,0,,1.0,1.0
kl,5.0,50,bookmia.00.31,1,164.66,250.0,-85.34,8,0,,1.0,1.0
kl,5.0,50,bookmia.00.31,2,159.96,250.0,-90.04,8,0,,1.0,1.0
kl,5.0,50,bookmia.00.31,3,131.07,250.0,-118.93,8,0,,1.0,1.0
kl,5.0,50,bookmia.00.31,4,132.84,250.0,-117.16,8,0,,1.0,1.0
kl,5.0,50,bookmia.00.40,0,169.49,250.0,-80.51,8,0,,1.0,1.0
kl,5.0,50,bookmia.00.40,1,142.84,250.0,-107.16,8,0,,1.0,1.0
kl,5.0,50,bookmia.00.40,2,135.65,250.0,-114.35,8,0,,1.0,1.0
kl,5.0,50,bookmia.00.40,3,144.71,250.0,-105.29,8,0,,1.0,1.0
kl,5.0,50,bookmia.00.40,4,137.6,250.0,-112.4,8,0,,1.0,1.0
kl,5.0,50,bookmia.00.40,5,29.97,250.0,-220.03,8,0,,1.0,1.0
kl,5.0,50,bookmia.00.46,0,179.75,250.0,-70.25,8,0,,1.0,1.0
kl,5.0,50,bookmia.00.46,1,138.46,250.0,-111.54,8,0,,1.0,1.0
kl,5.0,50,bookmia.00.46,2,149.48,250.0,-100.52,8,0,,1.0,1.0
kl,5.0,50,bookmia.00.46,3,171.12,250.0,-78.88,8,0,,1.0,1.0
kl,5.0,50,bookmia.00.46,4,155.21,250.0,-94.79,8,0,,1.0,1.0
kl,5.0,50,bookmia.00.46,5,6.91,250.0,-243.09,8,0,,1.0,1.0
kl,5.0,50,bookmia.00.48,0,158.89,250.0,-91.11,8,0,,1.0,1.0
kl,5.0,50,bookmia.00.48,1,135.4,250.0,-114.6,8,0,,1.0,1.0
kl,5.0,50,bookmia.00.48,2,149.59,250.0,-100.41,8,0,,1.0,1.0
kl,5.0,50,bookmia.00.48,3,170.64,250.0,-79.36,8,0,,1.0,1.0
kl,5.0,50,bookmia.00.48,4,144.88,250.0,-105.12,8,0,,1.0,1.0
kl,5.0,50,bookmia.00.48,5,25.81,250.0,-224.19,8,0,,1.0,1.0
kl,5.0,50,bookmia.00.64,0,172.27,250.0,-77.73,8,0,,1.0,1.0
kl,5.0,50,bookmia.00.64,1,147.28,250.0,-102.72,8,0,,1.0,1.0
kl,5.0,50,bookmia.00.64,2,118.88,250.0,-131.12,8,0,,1.0,1.0
kl,5.0,50,bookmia.00.64,3,126.73,250.0,-123.27,8,0,,1.0,1.0
kl,5.0,50,bookmia.00.64,4,126.61,250.0,-123.39,8,0,,1.0,1.0
kl,5.0,50,bookmia.00.64,5,22.28,250.0,-227.72,8,0,,1.0,1.0
kl,5.0,50,bookmia.00.71,0,197.4,250.0,-52.6,1,1,1,1.0,1.0
kl,5.0,50,bookmia.00.71,1,166.28,250.0,-83.72,8,0,,1.0,1.0
kl,5.0,50,bookmia.00.71,2,143.92,250.0,-106.08,8,0,,1.0,1.0
kl,5.0,50,bookmia.00.71,3,145.06,250.0,-104.94,8,0,,1.0,1.0
kl,5.0,50,bookmia.00.71,4,146.51,250.0,-103.49,8,0,,1.0,1.0
kl,5.0,50,bookmia.00.71,5,38.72,250.0,-211.28,8,0,,1.0,1.0
kl,5.0,50,bookmia.01.00,0,197.81,250.0,-52.19,8,0,,1.0,1.0
kl,5.0,50,bookmia.01.00,1,183.06,250.0,-66.94,8,0,,1.0,1.0
kl,5.0,50,bookmia.01.00,2,159.48,250.0,-90.52,8,0,,1.0,1.0
kl,5.0,50,bookmia.01.00,3,141.97,250.0,-108.03,8,0,,1.0,1.0
kl,5.0,50,bookmia.01.00,4,127.94,250.0,-122.06,8,0,,1.0,1.0
kl,5.0,50,bookmia.01.00,5,42.97,250.0,-207.03,8,0,,1.0,1.0
kl,5.0,50,bookmia.01.01,0,191.31,250.0,-58.69,8,0,,1.0,1.0
kl,5.0,50,bookmia.01.01,1,148.19,250.0,-101.81,8,0,,1.0,1.0
kl,5.0,50,bookmia.01.01,2,174.57,250.0,-75.43,8,0,,1.0,1.0
kl,5.0,50,bookmia.01.01,3,154.51,250.0,-95.49,8,0,,1.0,1.0
kl,5.0,50,bookmia.01.01,4,160.31,250.0,-89.69,8,0,,1.0,1.0
kl,5.0,50,bookmia.01.01,5,80.28,250.0,-169.72,8,0,,1.0,1.0
kl,5.0,50,bookmia.01.02,0,188.86,250.0,-61.14,8,0,,1.0,1.0
kl,5.0,50,bookmia.01.02,1,145.0,250.0,-105.0,8,0,,1.0,1.0
kl,5.0,50,bookmia.01.02,2,189.6,250.0,-60.4,8,0,,1.0,1.0
kl,5.0,50,bookmia.01.02,3,142.94,250.0,-107.06,8,0,,1.0,1.0
kl,5.0,50,bookmia.01.02,4,168.24,250.0,-81.76,8,0,,1.0,1.0
kl,5.0,50,bookmia.01.02,5,85.94,250.0,-164.06,8,0,,1.0,1.0
kl,5.0,50,bookmia.01.03,0,154.47,250.0,-95.53,8,0,,1.0,1.0
kl,5.0,50,bookmia.01.03,1,154.97,250.0,-95.03,8,0,,1.0,1.0
kl,5.0,50,bookmia.01.03,2,161.0,250.0,-89.0,1,1,1,1.0,1.0
kl,5.0,50,bookmia.01.03,3,163.25,250.0,-86.75,8,0,,1.0,1.0
kl,5.0,50,bookmia.01.03,4,169.04,250.0,-80.96,6,1,6,1.0,1.0
kl,5.0,50,bookmia.01.03,5,12.62,250.0,-237.38,8,0,,1.0,1.0
kl,5.0,50,bookmia.01.04,0,163.16,250.0,-86.84,8,0,,1.0,1.0
kl,5.0,50,bookmia.01.04,1,180.56,250.0,-69.44,8,0,,1.0,1.0
kl,5.0,50,bookmia.01.04,2,215.33,250.0,-34.67,8,0,,1.0,1.0
kl,5.0,50,bookmia.01.04,3,146.31,250.0,-103.69,8,0,,1.0,1.0
kl,5.0,50,bookmia.01.04,4,161.88,250.0,-88.12,8,0,,1.0,1.0
kl,5.0,50,bookmia.01.04,5,22.44,250.0,-227.56,8,0,,1.0,1.0
kl,5.0,50,bookmia.01.07,0,206.33,250.0,-43.67,8,0,,1.0,1.0
kl,5.0,50,bookmia.01.07,1,164.86,250.0,-85.14,8,0,,1.0,1.0
kl,5.0,50,bookmia.01.07,2,165.84,250.0,-84.16,8,0,,1.0,1.0
kl,5.0,50,bookmia.01.07,3,166.58,250.0,-83.42,8,0,,1.0,1.0
kl,5.0,50,bookmia.01.07,4,192.88,250.0,-57.12,5,1,5,1.0,1.0
kl,5.0,50,bookmia.01.07,5,28.84,250.0,-221.16,8,0,,1.0,1.0
kl,5.0,50,bookmia.01.10,0,164.3,250.0,-85.7,8,0,,1.0,1.0
kl,5.0,50,bookmia.01.10,1,163.25,250.0,-86.75,8,0,,1.0,1.0
kl,5.0,50,bookmia.01.10,2,124.83,250.0,-125.17,8,0,,1.0,1.0
kl,5.0,50,bookmia.01.10,3,185.12,250.0,-64.88,8,0,,1.0,1.0
kl,5.0,50,bookmia.01.10,4,184.85,250.0,-65.15,8,0,,1.0,1.0
kl,5.0,50,bookmia.01.10,5,26.35,250.0,-223.65,8,0,,1.0,1.0
kl,5.0,50,bookmia.01.11,0,139.01,250.0,-110.99,8,0,,1.0,1.0
kl,5.0,50,bookmia.01.11,1,132.2,250.0,-117.8,8,0,,1.0,1.0
kl,5.0,50,bookmia.01.11,2,141.9,250.0,-108.1,8,0,,1.0,1.0
kl,5.0,50,bookmia.01.11,3,127.85,250.0,-122.15,8,0,,1.0,1.0
kl,5.0,50,bookmia.01.11,4,141.71,250.0,-108.29,8,0,,1.0,1.0
kl,5.0,50,bookmia.01.11,5,30.94,250.0,-219.06,8,0,,1.0,1.0
kl,5.0,50,bookmia.01.12,0,172.66,250.0,-77.34,8,0,,1.0,1.0
kl,5.0,50,bookmia.01.12,1,193.11,250.0,-56.89,8,0,,1.0,1.0
kl,5.0,50,bookmia.01.12,2,161.4,250.0,-88.6,8,0,,1.0,1.0
kl,5.0,50,bookmia.01.12,3,137.0,250.0,-113.0,8,0,,1.0,1.0
kl,5.0,50,bookmia.01.12,4,148.08,250.0,-101.92,8,0,,1.0,1.0
kl,5.0,50,bookmia.01.12,5,116.44,250.0,-133.56,8,0,,1.0,1.0
kl,5.0,50,bookmia.01.14,0,218.31,250.0,-31.69,8,0,,1.0,1.0
kl,5.0,50,bookmia.01.14,1,160.22,250.0,-89.78,8,0,,1.0,1.0
kl,5.0,50,bookmia.01.14,2,137.22,250.0,-112.78,6,1,6,1.0,1.0
kl,5.0,50,bookmia.01.14,3,162.92,250.0,-87.08,4,1,4,1.0,1.0
kl,5.0,50,bookmia.01.14,4,140.92,250.0,-109.08,8,0,,1.0,1.0
kl,5.0,50,bookmia.01.14,5,40.2,250.0,-209.8,8,0,,1.0,1.0
kl,5.0,50,bookmia.01.20,0,186.26,250.0,-63.74,8,0,,1.0,1.0
kl,5.0,50,bookmia.01.20,1,151.51,250.0,-98.49,8,0,,1.0,1.0
kl,5.0,50,bookmia.01.20,2,150.27,250.0,-99.73,8,0,,1.0,1.0
kl,5.0,50,bookmia.01.20,3,185.33,250.0,-64.67,2,1,2,1.0,1.0
kl,5.0,50,bookmia.01.20,4,155.88,250.0,-94.12,8,0,,1.0,1.0
kl,5.0,50,bookmia.01.20,5,29.47,250.0,-220.53,8,0,,1.0,1.0
kl,5.0,50,bookmia.01.22,0,184.19,250.0,-65.81,8,0,,1.0,1.0
kl,5.0,50,bookmia.01.22,1,163.58,250.0,-86.42,8,0,,1.0,1.0
kl,5.0,50,bookmia.01.22,2,144.91,250.0,-105.09,8,0,,1.0,1.0
kl,5.0,50,bookmia.01.22,3,164.07,250.0,-85.93,2,1,2,1.0,1.0
kl,5.0,50,bookmia.01.22,4,128.85,250.0,-121.15,8,0,,1.0,1.0
kl,5.0,50,bookmia.01.22,5,93.1,250.0,-156.9,8,0,,1.0,1.0
kl,5.0,50,bookmia.01.23,0,156.24,250.0,-93.76,8,0,,1.0,1.0
kl,5.0,50,bookmia.01.23,1,147.89,250.0,-102.11,5,1,5,1.0,1.0
kl,5.0,50,bookmia.01.23,2,161.02,250.0,-88.98,8,0,,1.0,1.0
kl,5.0,50,bookmia.01.23,3,172.37,250.0,-77.63,1,1,1,1.0,1.0
kl,5.0,50,bookmia.01.23,4,152.14,250.0,-97.86,8,0,,1.0,1.0
kl,5.0,50,bookmia.01.23,5,13.26,250.0,-236.74,8,0,,1.0,1.0
kl,5.0,50,bookmia.01.26,0,212.96,250.0,-37.04,8,0,,1.0,1.0
kl,5.0,50,bookmia.01.26,1,173.97,250.0,-76.03,8,0,,1.0,1.0
kl,5.0,50,bookmia.01.26,2,131.38,250.0,-118.62,8,0,,1.0,1.0
kl,5.0,50,bookmia.01.26,3,129.1,250.0,-120.9,8,0,,1.0,1.0
kl,5.0,50,bookmia.01.26,4,136.75,250.0,-113.25,8,0,,1.0,1.0
kl,5.0,50,bookmia.01.26,5,67.17,250.0,-182.83,8,0,,1.0,1.0
kl,5.0,50,bookmia.01.27,0,153.8,250.0,-96.2,8,0,,1.0,1.0
kl,5.0,50,bookmia.01.27,1,165.99,250.0,-84.01,8,0,,1.0,1.0
kl,5.0,50,bookmia.01.27,2,142.83,250.0,-107.17,8,0,,1.0,1.0
kl,5.0,50,bookmia.01.27,3,150.41,250.0,-99.59,8,0,,1.0,1.0
kl,5.0,50,bookmia.01.27,4,172.14,250.0,-77.86,8,0,,1.0,1.0
kl,5.0,50,bookmia.01.27,5,28.45,250.0,-221.55,8,0,,1.0,1.0
kl,5.0,50,bookmia.01.31,0,204.46,250.0,-45.54,8,0,,1.0,1.0
kl,5.0,50,bookmia.01.31,1,164.46,250.0,-85.54,8,0,,1.0,1.0
kl,5.0,50,bookmia.01.31,2,137.27,250.0,-112.73,8,0,,1.0,1.0
kl,5.0,50,bookmia.01.31,3,152.53,250.0,-97.47,8,0,,1.0,1.0
kl,5.0,50,bookmia.01.31,4,146.14,250.0,-103.86,8,0,,1.0,1.0
kl,5.0,50,bookmia.01.31,5,21.11,250.0,-228.89,8,0,,1.0,1.0
kl,5.0,50,bookmia.01.32,0,183.91,250.0,-66.09,8,0,,1.0,1.0
kl,5.0,50,bookmia.01.32,1,226.77,250.0,-23.23,8,0,,1.0,1.0
kl,5.0,50,bookmia.01.32,2,167.92,250.0,-82.08,8,0,,1.0,1.0
kl,5.0,50,bookmia.01.32,3,139.17,250.0,-110.83,8,0,,1.0,1.0
kl,5.0,50,bookmia.01.32,4,155.77,250.0,-94.23,8,0,,1.0,1.0
kl,5.0,50,bookmia.01.32,5,28.52,250.0,-221.48,8,0,,1.0,1.0
kl,5.0,50,bookmia.01.33,0,187.26,250.0,-62.74,8,0,,1.0,1.0
kl,5.0,50,bookmia.01.33,1,166.26,250.0,-83.74,8,0,,1.0,1.0
kl,5.0,50,bookmia.01.33,2,222.3,250.0,-27.7,8,0,,1.0,1.0
kl,5.0,50,bookmia.01.33,3,150.68,250.0,-99.32,8,0,,1.0,1.0
kl,5.0,50,bookmia.01.33,4,160.5,250.0,-89.5,8,0,,1.0,1.0
kl,5.0,50,bookmia.01.33,5,66.05,250.0,-183.95,8,0,,1.0,1.0
kl,5.0,50,bookmia.01.36,0,138.94,250.0,-111.06,8,0,,1.0,1.0
kl,5.0,50,bookmia.01.36,1,160.42,250.0,-89.58,8,0,,1.0,1.0
kl,5.0,50,bookmia.01.36,2,149.31,250.0,-100.69,8,0,,1.0,1.0
kl,5.0,50,bookmia.01.36,3,157.41,250.0,-92.59,8,0,,1.0,1.0
kl,5.0,50,bookmia.01.36,4,184.55,250.0,-65.45,8,0,,1.0,1.0
kl,5.0,50,bookmia.01.36,5,58.44,250.0,-191.56,8,0,,1.0,1.0
kl,5.0,50,bookmia.01.37,0,182.45,250.0,-67.55,8,0,,1.0,1.0
kl,5.0,50,bookmia.01.37,1,165.86,250.0,-84.14,4,1,4,1.0,1.0
kl,5.0,50,bookmia.01.37,2,142.02,250.0,-107.98,8,0,,1.0,1.0
kl,5.0,50,bookmia.01.37,3,134.18,250.0,-115.82,8,0,,1.0,1.0
kl,5.0,50,bookmia.01.37,4,143.22,250.0,-106.78,3,1,3,1.0,1.0
kl,5.0,50,bookmia.01.37,5,32.78,250.0,-217.22,8,0,,1.0,1.0
kl,5.0,50,bookmia.01.39,0,199.98,250.0,-50.02,8,0,,1.0,1.0
kl,5.0,50,bookmia.01.39,1,164.67,250.0,-85.33,8,0,,1.0,1.0
kl,5.0,50,bookmia.01.39,2,198.43,250.0,-51.57,8,0,,1.0,1.0
kl,5.0,50,bookmia.01.39,3,181.43,250.0,-68.57,8,0,,1.0,1.0
kl,5.0,50,bookmia.01.39,4,142.53,250.0,-107.47,8,0,,1.0,1.0
kl,5.0,50,bookmia.01.39,5,25.49,250.0,-224.51,8,0,,1.0,1.0
kl,5.0,50,bookmia.01.41,0,171.09,250.0,-78.91,8,0,,1.0,1.0
kl,5.0,50,bookmia.01.41,1,172.94,250.0,-77.06,8,0,,1.0,1.0
kl,5.0,50,bookmia.01.41,2,128.96,250.0,-121.04,8,0,,1.0,1.0
kl,5.0,50,bookmia.01.41,3,171.57,250.0,-78.43,1,1,1,1.0,1.0
kl,5.0,50,bookmia.01.41,4,157.16,250.0,-92.84,8,0,,1.0,1.0
kl,5.0,50,bookmia.01.41,5,21.08,250.0,-228.92,8,0,,1.0,1.0
kl,5.0,50,bookmia.01.42,0,161.19,250.0,-88.81,8,0,,1.0,1.0
kl,5.0,50,bookmia.01.42,1,155.91,250.0,-94.09,8,0,,1.0,1.0
kl,5.0,50,bookmia.01.42,2,134.97,250.0,-115.03,8,0,,1.0,1.0
kl,5.0,50,bookmia.01.42,3,170.76,250.0,-79.24,8,0,,1.0,1.0
kl,5.0,50,bookmia.01.42,4,198.19,250.0,-51.81,8,0,,1.0,1.0
kl,5.0,50,bookmia.01.42,5,0.5,250.0,-249.5,8,0,,1.0,1.0
kl,5.0,50,bookmia.01.43,0,196.09,250.0,-53.91,8,0,,1.0,1.0
kl,5.0,50,bookmia.01.43,1,211.0,250.0,-39.0,8,0,,1.0,1.0
kl,5.0,50,bookmia.01.43,2,179.76,250.0,-70.24,8,0,,1.0,1.0
kl,5.0,50,bookmia.01.43,3,201.73,250.0,-48.27,8,0,,1.0,1.0
kl,5.0,50,bookmia.01.43,4,151.41,250.0,-98.59,8,0,,1.0,1.0
kl,5.0,50,bookmia.01.43,5,133.82,250.0,-116.18,8,0,,1.0,1.0
kl,5.0,50,bookmia.01.44,0,246.12,250.0,-3.88,8,0,,1.0,1.0
kl,5.0,50,bookmia.01.44,1,140.19,250.0,-109.81,8,0,,1.0,1.0
kl,5.0,50,bookmia.01.44,2,160.59,250.0,-89.41,8,0,,1.0,1.0
kl,5.0,50,bookmia.01.44,3,154.63,250.0,-95.37,8,0,,1.0,1.0
kl,5.0,50,bookmia.01.44,4,165.24,250.0,-84.76,8,0,,1.0,1.0
kl,5.0,50,bookmia.01.44,5,59.53,250.0,-190.47,8,0,,1.0,1.0
kl,5.0,50,bookmia.01.46,0,210.0,250.0,-40.0,8,0,,1.0,1.0
kl,5.0,50,bookmia.01.46,1,195.94,250.0,-54.06,8,0,,1.0,1.0
kl,5.0,50,bookmia.01.46,2,123.84,250.0,-126.16,8,0,,1.0,1.0
kl,5.0,50,bookmia.01.46,3,162.15,250.0,-87.85,8,0,,1.0,1.0
kl,5.0,50,bookmia.01.46,4,201.45,250.0,-48.55,8,0,,1.0,1.0
kl,5.0,50,bookmia.01.46,5,33.77,250.0,-216.23,8,0,,1.0,1.0
kl,5.0,50,bookmia.01.49,0,168.77,250.0,-81.23,8,0,,1.0,1.0
kl,5.0,50,bookmia.01.49,1,176.56,250.0,-73.44,8,0,,1.0,1.0
kl,5.0,50,bookmia.01.49,2,179.62,250.0,-70.38,8,0,,1.0,1.0
kl,5.0,50,bookmia.01.49,3,119.04,250.0,-130.96,8,0,,1.0,1.0
kl,5.0,50,bookmia.01.49,4,141.78,250.0,-108.22,8,0,,1.0,1.0
kl,5.0,50,bookmia.01.49,5,107.41,250.0,-142.59,8,0,,1.0,1.0
kl,5.0,50,bookmia.01.51,0,149.85,250.0,-100.15,8,0,,1.0,1.0
kl,5.0,50,bookmia.01.51,1,172.04,250.0,-77.96,8,0,,1.0,1.0
kl,5.0,50,bookmia.01.51,2,148.22,250.0,-101.78,8,0,,1.0,1.0
kl,5.0,50,bookmia.01.51,3,164.81,250.0,-85.19,8,0,,1.0,1.0
kl,5.0,50,bookmia.01.51,4,134.95,250.0,-115.05,8,0,,1.0,1.0
kl,5.0,50,bookmia.01.51,5,50.59,250.0,-199.41,8,0,,1.0,1.0
kl,5.0,50,bookmia.01.52,0,174.23,250.0,-75.77,8,0,,1.0,1.0
kl,5.0,50,bookmia.01.52,1,119.31,250.0,-130.69,8,0,,1.0,1.0
kl,5.0,50,bookmia.01.52,2,159.24,250.0,-90.76,8,0,,1.0,1.0
kl,5.0,50,bookmia.01.52,3,123.65,250.0,-126.35,1,1,1,1.0,1.0
kl,5.0,50,bookmia.01.52,4,161.42,250.0,-88.58,8,0,,1.0,1.0
kl,5.0,50,bookmia.01.52,5,98.87,250.0,-151.13,8,0,,1.0,1.0
kl,5.0,50,bookmia.01.58,0,199.31,250.0,-50.69,8,0,,1.0,1.0
kl,5.0,50,bookmia.01.58,1,152.62,250.0,-97.38,8,0,,1.0,1.0
kl,5.0,50,bookmia.01.58,2,124.1,250.0,-125.9,8,0,,1.0,1.0
kl,5.0,50,bookmia.01.58,3,106.59,250.0,-143.41,8,0,,1.0,1.0
kl,5.0,50,bookmia.01.58,4,131.29,250.0,-118.71,8,0,,1.0,1.0
kl,5.0,50,bookmia.01.58,5,11.11,250.0,-238.89,8,0,,1.0,1.0
kl,5.0,50,bookmia.01.59,0,187.73,250.0,-62.27,8,0,,1.0,1.0
kl,5.0,50,bookmia.01.59,1,183.12,250.0,-66.88,8,0,,1.0,1.0
kl,5.0,50,bookmia.01.59,2,156.56,250.0,-93.44,8,0,,1.0,1.0
kl,5.0,50,bookmia.01.59,3,193.45,250.0,-56.55,8,0,,1.0,1.0
kl,5.0,50,bookmia.01.59,4,170.26,250.0,-79.74,8,0,,1.0,1.0
kl,5.0,50,bookmia.01.59,5,80.17,250.0,-169.83,8,0,,1.0,1.0
kl,5.0,50,bookmia.01.60,0,210.77,250.0,-39.23,8,0,,1.0,1.0
kl,5.0,50,bookmia.01.60,1,210.94,250.0,-39.06,8,0,,1.0,1.0
kl,5.0,50,bookmia.01.60,2,159.42,250.0,-90.58,8,0,,1.0,1.0
kl,5.0,50,bookmia.01.60,3,189.17,250.0,-60.83,8,0,,1.0,1.0
kl,5.0,50,bookmia.01.60,4,134.27,250.0,-115.73,8,0,,1.0,1.0
kl,5.0,50,bookmia.01.60,5,82.38,250.0,-167.62,8,0,,1.0,1.0
kl,5.0,50,bookmia.01.62,0,201.48,250.0,-48.52,8,0,,1.0,1.0
kl,5.0,50,bookmia.01.62,1,149.48,250.0,-100.52,7,1,7,1.0,1.0
kl,5.0,50,bookmia.01.62,2,205.46,250.0,-44.54,8,0,,1.0,1.0
kl,5.0,50,bookmia.01.62,3,161.3,250.0,-88.7,8,0,,1.0,1.0
kl,5.0,50,bookmia.01.62,4,141.78,250.0,-108.22,8,0,,1.0,1.0
kl,5.0,50,bookmia.01.62,5,30.53,250.0,-219.47,8,0,,1.0,1.0
kl,5.0,50,bookmia.01.69,0,186.78,250.0,-63.22,8,0,,1.0,1.0
kl,5.0,50,bookmia.01.69,1,166.0,250.0,-84.0,5,1,5,1.0,1.0
kl,5.0,50,bookmia.01.69,2,170.25,250.0,-79.75,8,0,,1.0,1.0
kl,5.0,50,bookmia.01.69,3,184.38,250.0,-65.62,8,0,,1.0,1.0
kl,5.0,50,bookmia.01.69,4,170.71,250.0,-79.29,8,0,,1.0,1.0
kl,5.0,50,bookmia.01.69,5,40.94,250.0,-209.06,8,0,,1.0,1.0
kl,5.0,50,bookmia.01.71,0,190.38,250.0,-59.62,8,0,,1.0,1.0
kl,5.0,50,bookmia.01.71,1,159.48,250.0,-90.52,8,0,,1.0,1.0
kl,5.0,50,bookmia.01.71,2,187.47,250.0,-62.53,8,0,,1.0,1.0
kl,5.0,50,bookmia.01.71,3,165.58,250.0,-84.42,8,0,,1.0,1.0
kl,5.0,50,bookmia.01.71,4,129.23,250.0,-120.77,8,0,,1.0,1.0
kl,5.0,50,bookmia.01.71,5,81.86,250.0,-168.14,8,0,,1.0,1.0
kl,5.0,50,bookmia.01.73,0,168.91,250.0,-81.09,8,0,,1.0,1.0
kl,5.0,50,bookmia.01.73,1,181.13,250.0,-68.87,8,0,,1.0,1.0
kl,5.0,50,bookmia.01.73,2,136.82,250.0,-113.18,8,0,,1.0,1.0
kl,5.0,50,bookmia.01.73,3,174.88,250.0,-75.12,8,0,,1.0,1.0
kl,5.0,50,bookmia.01.73,4,149.82,250.0,-100.18,8,0,,1.0,1.0
kl,5.0,50,bookmia.01.73,5,20.4,250.0,-229.6,8,0,,1.0,1.0
kl,5.0,50,bookmia.01.74,0,199.67,250.0,-50.33,8,0,,1.0,1.0
kl,5.0,50,bookmia.01.74,1,171.57,250.0,-78.43,8,0,,1.0,1.0
kl,5.0,50,bookmia.01.74,2,130.13,250.0,-119.87,8,0,,1.0,1.0
kl,5.0,50,bookmia.01.74,3,162.71,250.0,-87.29,8,0,,1.0,1.0
kl,5.0,50,bookmia.01.74,4,153.93,250.0,-96.07,8,0,,1.0,1.0
kl,5.0,50,bookmia.01.74,5,36.24,250.0,-213.76,8,0,,1.0,1.0
kl,5.0,50,bookmia.01.75,0,193.49,250.0,-56.51,8,0,,1.0,1.0
kl,5.0,50,bookmia.01.75,1,177.09,250.0,-72.91,8,0,,1.0,1.0
kl,5.0,50,bookmia.01.75,2,143.64,250.0,-106.36,8,0,,1.0,1.0
kl,5.0,50,bookmia.01.75,3,197.96,250.0,-52.04,8,0,,1.0,1.0
kl,5.0,50,bookmia.01.75,4,162.78,250.0,-87.22,8,0,,1.0,1.0
kl,5.0,50,bookmia.01.75,5,42.63,250.0,-207.37,8,0,,1.0,1.0
kl,5.0,50,bookmia.01.76,0,176.29,250.0,-73.71,8,0,,1.0,1.0
kl,5.0,50,bookmia.01.76,1,190.56,250.0,-59.44,8,0,,1.0,1.0
kl,5.0,50,bookmia.01.76,2,145.5,250.0,-104.5,8,0,,1.0,1.0
kl,5.0,50,bookmia.01.76,3,160.99,250.0,-89.01,8,0,,1.0,1.0
kl,5.0,50,bookmia.01.76,4,147.44,250.0,-102.56,8,0,,1.0,1.0
kl,5.0,50,bookmia.01.76,5,27.42,250.0,-222.58,8,0,,1.0,1.0
kl,5.0,50,bookmia.01.77,0,233.09,250.0,-16.91,8,0,,1.0,1.0
kl,5.0,50,bookmia.01.77,1,161.75,250.0,-88.25,8,0,,1.0,1.0
kl,5.0,50,bookmia.01.77,2,162.45,250.0,-87.55,8,0,,1.0,1.0
kl,5.0,50,bookmia.01.77,3,131.6,250.0,-118.4,8,0,,1.0,1.0
kl,5.0,50,bookmia.01.77,4,149.37,250.0,-100.63,5,1,5,1.0,1.0
kl,5.0,50,bookmia.01.77,5,63.72,250.0,-186.28,8,0,,1.0,1.0
kl,5.0,50,bookmia.01.78,0,201.09,250.0,-48.91,8,0,,1.0,1.0
kl,5.0,50,bookmia.01.78,1,142.99,250.0,-107.01,6,1,6,1.0,1.0
kl,5.0,50,bookmia.01.78,2,153.81,250.0,-96.19,8,0,,1.0,1.0
kl,5.0,50,bookmia.01.78,3,153.93,250.0,-96.07,5,1,5,1.0,1.0
kl,5.0,50,bookmia.01.78,4,148.9,250.0,-101.1,8,0,,1.0,1.0
kl,5.0,50,bookmia.01.78,5,21.14,250.0,-228.86,8,0,,1.0,1.0
kl,5.0,50,bookmia.01.79,0,173.88,250.0,-76.12,8,0,,1.0,1.0
kl,5.0,50,bookmia.01.79,1,180.81,250.0,-69.19,8,0,,1.0,1.0
kl,5.0,50,bookmia.01.79,2,146.27,250.0,-103.73,8,0,,1.0,1.0
kl,5.0,50,bookmia.01.79,3,182.9,250.0,-67.1,8,0,,1.0,1.0
kl,5.0,50,bookmia.01.79,4,146.72,250.0,-103.28,8,0,,1.0,1.0
kl,5.0,50,bookmia.01.79,5,117.38,250.0,-132.62,8,0,,1.0,1.0
kl,10.0,50,bookmia.00.11,0,122.65,500.0,-377.35,1,1,1,1.0,1.0
kl,10.0,50,bookmia.00.11,1,132.54,500.0,-367.46,4,1,4,1.0,1.0
kl,10.0,50,bookmia.00.11,2,147.72,500.0,-352.28,8,0,,1.0,1.0
kl,10.0,50,bookmia.00.11,3,119.3,500.0,-380.7,8,1,8,1.0,1.0
kl,10.0,50,bookmia.00.11,4,94.52,500.0,-405.48,8,0,,1.0,1.0
kl,10.0,50,bookmia.00.26,0,152.37,500.0,-347.63,5,1,5,1.0,1.0
kl,10.0,50,bookmia.00.26,1,152.72,500.0,-347.28,8,0,,1.0,1.0
kl,10.0,50,bookmia.00.26,2,144.08,500.0,-355.92,2,1,2,1.0,1.0
kl,10.0,50,bookmia.00.26,3,142.92,500.0,-357.08,8,0,,1.0,1.0
kl,10.0,50,bookmia.00.26,4,133.63,500.0,-366.37,8,0,,1.0,1.0
kl,10.0,50,bookmia.00.31,0,106.8,500.0,-393.2,8,0,,1.0,1.0
kl,10.0,50,bookmia.00.31,1,164.66,500.0,-335.34,8,0,,1.0,1.0
kl,10.0,50,bookmia.00.31,2,159.96,500.0,-340.04,1,1,1,1.0,1.0
kl,10.0,50,bookmia.00.31,3,131.07,500.0,-368.93,1,1,1,1.0,1.0
kl,10.0,50,bookmia.00.31,4,132.84,500.0,-367.16,8,0,,1.0,1.0
kl,10.0,50,bookmia.00.40,0,169.49,500.0,-330.51,2,1,2,1.0,1.0
kl,10.0,50,bookmia.00.40,1,142.84,500.0,-357.16,8,0,,1.0,1.0
kl,10.0,50,bookmia.00.40,2,135.65,500.0,-364.35,8,0,,1.0,1.0
kl,10.0,50,bookmia.00.40,3,144.71,500.0,-355.29,8,0,,1.0,1.0
kl,10.0,50,bookmia.00.40,4,137.6,500.0,-362.4,1,1,1,1.0,1.0
kl,10.0,50,bookmia.00.40,5,29.97,500.0,-470.03,8,0,,1.0,1.0
kl,10.0,50,bookmia.00.46,0,179.75,500.0,-320.25,8,0,,1.0,1.0
kl,10.0,50,bookmia.00.46,1,138.46,500.0,-361.54,8,0,,1.0,1.0
kl,10.0,50,bookmia.00.46,2,149.48,500.0,-350.52,1,1,1,1.0,1.0
kl,10.0,50,bookmia.00.46,3,171.12,500.0,-328.88,1,1,1,1.0,1.0
kl,10.0,50,bookmia.00.46,4,155.21,500.0,-344.79,8,0,,1.0,1.0
kl,10.0,50,bookmia.00.46,5,6.91,500.0,-493.09,8,0,,1.0,1.0
kl,10.0,50,bookmia.00.48,0,158.89,500.0,-341.11,8,0,,1.0,1.0
kl,10.0,50,bookmia.00.48,1,135.4,500.0,-364.6,8,0,,1.0,1.0
kl,10.0,50,bookmia.00.48,2,149.59,500.0,-350.41,8,0,,1.0,1.0
kl,10.0,50,bookmia.00.48,3,170.64,500.0,-329.36,6,1,6,1.0,1.0
kl,10.0,50,bookmia.00.48,4,144.88,500.0,-355.12,8,0,,1.0,1.0
kl,10.0,50,bookmia.00.48,5,25.81,500.0,-474.19,8,0,,1.0,1.0
kl,10.0,50,bookmia.00.64,0,172.27,500.0,-327.73,2,1,2,1.0,1.0
kl,10.0,50,bookmia.00.64,1,147.28,500.0,-352.72,8,0,,1.0,1.0
kl,10.0,50,bookmia.00.64,2,118.88,500.0,-381.12,8,0,,1.0,1.0
kl,10.0,50,bookmia.00.64,3,126.73,500.0,-373.27,8,0,,1.0,1.0
kl,10.0,50,bookmia.00.64,4,126.61,500.0,-373.39,8,0,,1.0,1.0
kl,10.0,50,bookmia.00.64,5,22.28,500.0,-477.72,8,0,,1.0,1.0
kl,10.0,50,bookmia.00.71,0,197.4,500.0,-302.6,1,1,1,1.0,1.0
kl,10.0,50,bookmia.00.71,1,166.28,500.0,-333.72,5,1,5,1.0,1.0
kl,10.0,50,bookmia.00.71,2,143.92,500.0,-356.08,8,0,,1.0,1.0
kl,10.0,50,bookmia.00.71,3,145.06,500.0,-354.94,8,0,,1.0,1.0
kl,10.0,50,bookmia.00.71,4,146.51,500.0,-353.49,8,0,,1.0,1.0
kl,10.0,50,bookmia.00.71,5,38.72,500.0,-461.28,8,0,,1.0,1.0
kl,10.0,50,bookmia.01.00,0,197.81,500.0,-302.19,8,0,,1.0,1.0
kl,10.0,50,bookmia.01.00,1,183.06,500.0,-316.94,8,0,,1.0,1.0
kl,10.0,50,bookmia.01.00,2,159.48,500.0,-340.52,8,0,,1.0,1.0
kl,10.0,50,bookmia.01.00,3,141.97,500.0,-358.03,8,0,,1.0,1.0
kl,10.0,50,bookmia.01.00,4,127.94,500.0,-372.06,8,0,,1.0,1.0
kl,10.0,50,bookmia.01.00,5,42.97,500.0,-457.03,8,0,,1.0,1.0
kl,10.0,50,bookmia.01.01,0,191.31,500.0,-308.69,8,0,,1.0,1.0
kl,10.0,50,bookmia.01.01,1,148.19,500.0,-351.81,1,1,1,1.0,1.0
kl,10.0,50,bookmia.01.01,2,174.57,500.0,-325.43,8,0,,1.0,1.0
kl,10.0,50,bookmia.01.01,3,154.51,500.0,-345.49,8,0,,1.0,1.0
kl,10.0,50,bookmia.01.01,4,160.31,500.0,-339.69,8,0,,1.0,1.0
kl,10.0,50,bookmia.01.01,5,80.28,500.0,-419.72,8,0,,1.0,1.0
kl,10.0,50,bookmia.01.02,0,188.86,500.0,-311.14,8,0,,1.0,1.0
kl,10.0,50,bookmia.01.02,1,145.0,500.0,-355.0,1,1,1,1.0,1.0
kl,10.0,50,bookmia.01.02,2,189.6,500.0,-310.4,1,1,1,1.0,1.0
kl,10.0,50,bookmia.01.02,3,142.94,500.0,-357.06,8,0,,1.0,1.0
kl,10.0,50,bookmia.01.02,4,168.24,500.0,-331.76,1,1,1,1.0,1.0
kl,10.0,50,bookmia.01.02,5,85.94,500.0,-414.06,8,0,,1.0,1.0
kl,10.0,50,bookmia.01.03,0,154.47,500.0,-345.53,5,1,5,1.0,1.0
kl,10.0,50,bookmia.01.03,1,154.97,500.0,-345.03,1,1,1,1.0,1.0
kl,10.0,50,bookmia.01.03,2,161.0,500.0,-339.0,1,1,1,1.0,1.0
kl,10.0,50,bookmia.01.03,3,163.25,500.0,-336.75,8,0,,1.0,1.0
kl,10.0,50,bookmia.01.03,4,169.04,500.0,-330.96,6,1,6,1.0,1.0
kl,10.0,50,bookmia.01.03,5,12.62,500.0,-487.38,8,0,,1.0,1.0
kl,10.0,50,bookmia.01.04,0,163.16,500.0,-336.84,8,0,,1.0,1.0
kl,10.0,50,bookmia.01.04,1,180.56,500.0,-319.44,8,0,,1.0,1.0
kl,10.0,50,bookmia.01.04,2,215.33,500.0,-284.67,8,0,,1.0,1.0
kl,10.0,50,bookmia.01.04,3,146.31,500.0,-353.69,8,0,,1.0,1.0
kl,10.0,50,bookmia.01.04,4,161.88,500.0,-338.12,8,0,,1.0,1.0
kl,10.0,50,bookmia.01.04,5,22.44,500.0,-477.56,8,0,,1.0,1.0
kl,10.0,50,bookmia.01.07,0,206.33,500.0,-293.67,3,1,3,1.0,1.0
kl,10.0,50,bookmia.01.07,1,164.86,500.0,-335.14,1,1,1,1.0,1.0
kl,10.0,50,bookmia.01.07,2,165.84,500.0,-334.16,8,0,,1.0,1.0
kl,10.0,50,bookmia.01.07,3,166.58,500.0,-333.42,8,0,,1.0,1.0
kl,10.0,50,bookmia.01.07,4,192.88,500.0,-307.12,3,1,3,1.0,1.0
kl,10.0,50,bookmia.01.07,5,28.84,500.0,-471.16,8,0,,1.0,1.0
kl,10.0,50,bookmia.01.10,0,164.3,500.0,-335.7,3,1,3,1.0,1.0
kl,10.0,50,bookmia.01.10,1,163.25,500.0,-336.75,8,0,,1.0,1.0
kl,10.0,50,bookmia.01.10,2,124.83,500.0,-375.17,1,1,1,1.0,1.0
kl,10.0,50,bookmia.01.10,3,185.12,500.0,-314.88,6,1,6,1.0,1.0
kl,10.0,50,bookmia.01.10,4,184.85,500.0,-315.15,8,0,,1.0,1.0
kl,10.0,50,bookmia.01.10,5,26.35,500.0,-473.65,8,0,,1.0,1.0
kl,10.0,50,bookmia.01.11,0,139.01,500.0,-360.99,1,1,1,1.0,1.0
kl,10.0,50,bookmia.01.11,1,132.2,500.0,-367.8,8,0,,1.0,1.0
kl,10.0,50,bookmia.01.11,2,141.9,500.0,-358.1,2,1,2,1.0,1.0
kl,10.0,50,bookmia.01.11,3,127.85,500.0,-372.15,8,0,,1.0,1.0
kl,10.0,50,bookmia.01.11,4,141.71,500.0,-358.29,4,1,4,1.0,1.0
kl,10.0,50,bookmia.01.11,5,30.94,500.0,-469.06,8,0,,1.0,1.0
kl,10.0,50,bookmia.01.12,0,172.66,500.0,-327.34,8,0,,1.0,1.0
kl,10.0,50,bookmia.01.12,1,193.11,500.0,-306.89,8,0,,1.0,1.0
kl,10.0,50,bookmia.01.12,2,161.4,500.0,-338.6,8,0,,1.0,1.0
kl,10.0,50,bookmia.01.12,3,137.0,500.0,-363.0,8,0,,1.0,1.0
kl,10.0,50,bookmia.01.12,4,148.08,500.0,-351.92,5,1,5,1.0,1.0
kl,10.0,50,bookmia.01.12,5,116.44,500.0,-383.56,8,0,,1.0,1.0
kl,10.0,50,bookmia.01.14,0,218.31,500.0,-281.69,8,0,,1.0,1.0
kl,10.0,50,bookmia.01.14,1,160.22,500.0,-339.78,8,0,,1.0,1.0
kl,10.0,50,bookmia.01.14,2,137.22,500.0,-362.78,2,1,2,1.0,1.0
kl,10.0,50,bookmia.01.14,3,162.92,500.0,-337.08,2,1,2,1.0,1.0
kl,10.0,50,bookmia.01.14,4,140.92,500.0,-359.08,8,0,,1.0,1.0
kl,10.0,50,bookmia.01.14,5,40.2,500.0,-459.8,8,0,,1.0,1.0
kl,10.0,50,bookmia.01.20,0,186.26,500.0,-313.74,8,0,,1.0,1.0
kl,10.0,50,bookmia.01.20,1,151.51,500.0,-348.49,8,0,,1.0,1.0
kl,10.0,50,bookmia.01.20,2,150.27,500.0,-349.73,8,0,,1.0,1.0
kl,10.0,50,bookmia.01.20,3,185.33,500.0,-314.67,1,1,1,1.0,1.0
kl,10.0,50,bookmia.01.20,4,155.88,500.0,-344.12,1,1,1,1.0,1.0
kl,10.0,50,bookmia.01.20,5,29.47,500.0,-470.53,8,0,,1.0,1.0
kl,10.0,50,bookmia.01.22,0,184.19,500.0,-315.81,1,1,1,1.0,1.0
kl,10.0,50,bookmia.01.22,1,163.58,500.0,-336.42,1,1,1,1.0,1.0
kl,10.0,50,bookmia.01.22,2,144.91,500.0,-355.09,8,0,,1.0,1.0
kl,10.0,50,bookmia.01.22,3,164.07,500.0,-335.93,8,1,8,1.0,1.0
kl,10.0,50,bookmia.01.22,4,128.85,500.0,-371.15,8,0,,1.0,1.0
kl,10.0,50,bookmia.01.22,5,93.1,500.0,-406.9,8,0,,1.0,1.0
kl,10.0,50,bookmia.01.23,0,156.24,500.0,-343.76,2,1,2,1.0,1.0
kl,10.0,50,bookmia.01.23,1,147.89,500.0,-352.11,3,1,3,1.0,1.0
kl,10.0,50,bookmia.01.23,2,161.02,500.0,-338.98,3,1,3,1.0,1.0
kl,10.0,50,bookmia.01.23,3,172.37,500.0,-327.63,1,1,1,1.0,1.0
kl,10.0,50,bookmia.01.23,4,152.14,500.0,-347.86,8,0,,1.0,1.0
kl,10.0,50,bookmia.01.23,5,13.26,500.0,-486.74,8,0,,1.0,1.0
kl,10.0,50,bookmia.01.26,0,212.96,500.0,-287.04,8,0,,1.0,1.0
kl,10.0,50,bookmia.01.26,1,173.97,500.0,-326.03,4,1,4,1.0,1.0
kl,10.0,50,bookmia.01.26,2,131.38,500.0,-368.62,8,0,,1.0,1.0
kl,10.0,50,bookmia.01.26,3,129.1,500.0,-370.9,8,0,,1.0,1.0
kl,10.0,50,bookmia.01.26,4,136.75,500.0,-363.25,8,0,,1.0,1.0
kl,10.0,50,bookmia.01.26,5,67.17,500.0,-432.83,8,0,,1.0,1.0
kl,10.0,50,bookmia.01.27,0,153.8,500.0,-346.2,8,0,,1.0,1.0
kl,10.0,50,bookmia.01.27,1,165.99,500.0,-334.01,8,0,,1.0,1.0
kl,10.0,50,bookmia.01.27,2,142.83,500.0,-357.17,8,0,,1.0,1.0
kl,10.0,50,bookmia.01.27,3,150.41,500.0,-349.59,3,1,3,1.0,1.0
kl,10.0,50,bookmia.01.27,4,172.14,500.0,-327.86,3,1,3,1.0,1.0
kl,10.0,50,bookmia.01.27,5,28.45,500.0,-471.55,8,0,,1.0,1.0
kl,10.0,50,bookmia.01.31,0,204.46,500.0,-295.54,1,1,1,1.0,1.0
kl,10.0,50,bookmia.01.31,1,164.46,500.0,-335.54,8,0,,1.0,1.0
kl,10.0,50,bookmia.01.31,2,137.27,500.0,-362.73,8,0,,1.0,1.0
kl,10.0,50,bookmia.01.31,3,152.53,500.0,-347.47,8,0,,1.0,1.0
kl,10.0,50,bookmia.01.31,4,146.14,500.0,-353.86,8,0,,1.0,1.0
kl,10.0,50,bookmia.01.31,5,21.11,500.0,-478.89,8,0,,1.0,1.0
kl,10.0,50,bookmia.01.32,0,183.91,500.0,-316.09,2,1,2,1.0,1.0
kl,10.0,50,bookmia.01.32,1,226.77,500.0,-273.23,8,0,,1.0,1.0
kl,10.0,50,bookmia.01.32,2,167.92,500.0,-332.08,8,0,,1.0,1.0
kl,10.0,50,bookmia.01.32,3,139.17,500.0,-360.83,8,0,,1.0,1.0
kl,10.0,50,bookmia.01.32,4,155.77,500.0,-344.23,8,0,,1.0,1.0
kl,10.0,50,bookmia.01.32,5,28.52,500.0,-471.48,8,0,,1.0,1.0
kl,10.0,50,bookmia.01.33,0,187.26,500.0,-312.74,1,1,1,1.0,1.0
kl,10.0,50,bookmia.01.33,1,166.26,500.0,-333.74,8,0,,1.0,1.0
kl,10.0,50,bookmia.01.33,2,222.3,500.0,-277.7,8,0,,1.0,1.0
kl,10.0,50,bookmia.01.33,3,150.68,500.0,-349.32,8,0,,1.0,1.0
kl,10.0,50,bookmia.01.33,4,160.5,500.0,-339.5,8,0,,1.0,1.0
kl,10.0,50,bookmia.01.33,5,66.05,500.0,-433.95,8,0,,1.0,1.0
kl,10.0,50,bookmia.01.36,0,138.94,500.0,-361.06,8,0,,1.0,1.0
kl,10.0,50,bookmia.01.36,1,160.42,500.0,-339.58,8,0,,1.0,1.0
kl,10.0,50,bookmia.01.36,2,149.31,500.0,-350.69,8,0,,1.0,1.0
kl,10.0,50,bookmia.01.36,3,157.41,500.0,-342.59,8,0,,1.0,1.0
kl,10.0,50,bookmia.01.36,4,184.55,500.0,-315.45,8,0,,1.0,1.0
kl,10.0,50,bookmia.01.36,5,58.44,500.0,-441.56,8,0,,1.0,1.0
kl,10.0,50,bookmia.01.37,0,182.45,500.0,-317.55,8,0,,1.0,1.0
kl,10.0,50,bookmia.01.37,1,165.86,500.0,-334.14,3,1,3,1.0,1.0
kl,10.0,50,bookmia.01.37,2,142.02,500.0,-357.98,8,0,,1.0,1.0
kl,10.0,50,bookmia.01.37,3,134.18,500.0,-365.82,8,0,,1.0,1.0
kl,10.0,50,bookmia.01.37,4,143.22,500.0,-356.78,1,1,1,1.0,1.0
kl,10.0,50,bookmia.01.37,5,32.78,500.0,-467.22,8,0,,1.0,1.0
kl,10.0,50,bookmia.01.39,0,199.98,500.0,-300.02,8,0,,1.0,1.0
kl,10.0,50,bookmia.01.39,1,164.67,500.0,-335.33,8,0,,1.0,1.0
kl,10.0,50,bookmia.01.39,2,198.43,500.0,-301.57,8,0,,1.0,1.0
kl,10.0,50,bookmia.01.39,3,181.43,500.0,-318.57,8,0,,1.0,1.0
kl,10.0,50,bookmia.01.39,4,142.53,500.0,-357.47,8,0,,1.0,1.0
kl,10.0,50,bookmia.01.39,5,25.49,500.0,-474.51,8,0,,1.0,1.0
kl,10.0,50,bookmia.01.41,0,171.09,500.0,-328.91,8,0,,1.0,1.0
kl,10.0,50,bookmia.01.41,1,172.94,500.0,-327.06,8,0,,1.0,1.0
kl,10.0,50,bookmia.01.41,2,128.96,500.0,-371.04,1,1,1,1.0,1.0
kl,10.0,50,bookmia.01.41,3,171.57,500.0,-328.43,1,1,1,1.0,1.0
kl,10.0,50,bookmia.01.41,4,157.16,500.0,-342.84,4,1,4,1.0,1.0
kl,10.0,50,bookmia.01.41,5,21.08,500.0,-478.92,8,0,,1.0,1.0
kl,10.0,50,bookmia.01.42,0,161.19,500.0,-338.81,8,0,,1.0,1.0
kl,10.0,50,bookmia.01.42,1,155.91,500.0,-344.09,8,0,,1.0,1.0
kl,10.0,50,bookmia.01.42,2,134.97,500.0,-365.03,8,0,,1.0,1.0
kl,10.0,50,bookmia.01.42,3,170.76,500.0,-329.24,8,0,,1.0,1.0
kl,10.0,50,bookmia.01.42,4,198.19,500.0,-301.81,8,0,,1.0,1.0
kl,10.0,50,bookmia.01.42,5,0.5,500.0,-499.5,8,0,,1.0,1.0
kl,10.0,50,bookmia.01.43,0,196.09,500.0,-303.91,8,0,,1.0,1.0
kl,10.0,50,bookmia.01.43,1,211.0,500.0,-289.0,8,0,,1.0,1.0
kl,10.0,50,bookmia.01.43,2,179.76,500.0,-320.24,8,0,,1.0,1.0
kl,10.0,50,bookmia.01.43,3,201.73,500.0,-298.27,4,1,4,1.0,1.0
kl,10.0,50,bookmia.01.43,4,151.41,500.0,-348.59,8,0,,1.0,1.0
kl,10.0,50,bookmia.01.43,5,133.82,500.0,-366.18,8,0,,1.0,1.0
kl,10.0,50,bookmia.01.44,0,246.12,500.0,-253.88,8,0,,1.0,1.0
kl,10.0,50,bookmia.01.44,1,140.19,500.0,-359.81,8,0,,1.0,1.0
kl,10.0,50,bookmia.01.44,2,160.59,500.0,-339.41,2,1,2,1.0,1.0
kl,10.0,50,bookmia.01.44,3,154.63,500.0,-345.37,8,0,,1.0,1.0
kl,10.0,50,bookmia.01.44,4,165.24,500.0,-334.76,8,0,,1.0,1.0
kl,10.0,50,bookmia.01.44,5,59.53,500.0,-440.47,8,0,,1.0,1.0
kl,10.0,50,bookmia.01.46,0,210.0,500.0,-290.0,8,0,,1.0,1.0
kl,10.0,50,bookmia.01.46,1,195.94,500.0,-304.06,8,0,,1.0,1.0
kl,10.0,50,bookmia.01.46,2,123.84,500.0,-376.16,8,0,,1.0,1.0
kl,10.0,50,bookmia.01.46,3,162.15,500.0,-337.85,8,0,,1.0,1.0
kl,10.0,50,bookmia.01.46,4,201.45,500.0,-298.55,8,0,,1.0,1.0
kl,10.0,50,bookmia.01.46,5,33.77,500.0,-466.23,8,0,,1.0,1.0
kl,10.0,50,bookmia.01.49,0,168.77,500.0,-331.23,8,0,,1.0,1.0
kl,10.0,50,bookmia.01.49,1,176.56,500.0,-323.44,3,1,3,1.0,1.0
kl,10.0,50,bookmia.01.49,2,179.62,500.0,-320.38,8,0,,1.0,1.0
kl,10.0,50,bookmia.01.49,3,119.04,500.0,-380.96,8,0,,1.0,1.0
kl,10.0,50,bookmia.01.49,4,141.78,500.0,-358.22,8,0,,1.0,1.0
kl,10.0,50,bookmia.01.49,5,107.41,500.0,-392.59,8,0,,1.0,1.0
kl,10.0,50,bookmia.01.51,0,149.85,500.0,-350.15,5,1,5,1.0,1.0
kl,10.0,50,bookmia.01.51,1,172.04,500.0,-327.96,6,1,6,1.0,1.0
kl,10.0,50,bookmia.01.51,2,148.22,500.0,-351.78,1,1,1,1.0,1.0
kl,10.0,50,bookmia.01.51,3,164.81,500.0,-335.19,8,0,,1.0,1.0
kl,10.0,50,bookmia.01.51,4,134.95,500.0,-365.05,8,0,,1.0,1.0
kl,10.0,50,bookmia.01.51,5,50.59,500.0,-449.41,8,0,,1.0,1.0
kl,10.0,50,bookmia.01.52,0,174.23,500.0,-325.77,8,0,,1.0,1.0
kl,10.0,50,bookmia.01.52,1,119.31,500.0,-380.69,1,1,1,1.0,1.0
kl,10.0,50,bookmia.01.52,2,159.24,500.0,-340.76,8,0,,1.0,1.0
kl,10.0,50,bookmia.01.52,3,123.65,500.0,-376.35,1,1,1,1.0,1.0
kl,10.0,50,bookmia.01.52,4,161.42,500.0,-338.58,8,0,,1.0,1.0
kl,10.0,50,bookmia.01.52,5,98.87,500.0,-401.13,8,0,,1.0,1.0
kl,10.0,50,bookmia.01.58,0,199.31,500.0,-300.69,8,0,,1.0,1.0
kl,10.0,50,bookmia.01.58,1,152.62,500.0,-347.38,8,0,,1.0,1.0
kl,10.0,50,bookmia.01.58,2,124.1,500.0,-375.9,8,0,,1.0,1.0
kl,10.0,50,bookmia.01.58,3,106.59,500.0,-393.41,8,0,,1.0,1.0
kl,10.0,50,bookmia.01.58,4,131.29,500.0,-368.71,8,0,,1.0,1.0
kl,10.0,50,bookmia.01.58,5,11.11,500.0,-488.89,8,0,,1.0,1.0
kl,10.0,50,bookmia.01.59,0,187.73,500.0,-312.27,6,1,6,1.0,1.0
kl,10.0,50,bookmia.01.59,1,183.12,500.0,-316.88,8,0,,1.0,1.0
kl,10.0,50,bookmia.01.59,2,156.56,500.0,-343.44,8,0,,1.0,1.0
kl,10.0,50,bookmia.01.59,3,193.45,500.0,-306.55,1,1,1,1.0,1.0
kl,10.0,50,bookmia.01.59,4,170.26,500.0,-329.74,2,1,2,1.0,1.0
kl,10.0,50,bookmia.01.59,5,80.17,500.0,-419.83,8,0,,1.0,1.0
kl,10.0,50,bookmia.01.60,0,210.77,500.0,-289.23,8,0,,1.0,1.0
kl,10.0,50,bookmia.01.60,1,210.94,500.0,-289.06,8,0,,1.0,1.0
kl,10.0,50,bookmia.01.60,2,159.42,500.0,-340.58,4,1,4,1.0,1.0
kl,10.0,50,bookmia.01.60,3,189.17,500.0,-310.83,8,0,,1.0,1.0
kl,10.0,50,bookmia.01.60,4,134.27,500.0,-365.73,8,0,,1.0,1.0
kl,10.0,50,bookmia.01.60,5,82.38,500.0,-417.62,8,0,,1.0,1.0
kl,10.0,50,bookmia.01.62,0,201.48,500.0,-298.52,4,1,4,1.0,1.0
kl,10.0,50,bookmia.01.62,1,149.48,500.0,-350.52,7,1,7,1.0,1.0
kl,10.0,50,bookmia.01.62,2,205.46,500.0,-294.54,8,0,,1.0,1.0
kl,10.0,50,bookmia.01.62,3,161.3,500.0,-338.7,8,0,,1.0,1.0
kl,10.0,50,bookmia.01.62,4,141.78,500.0,-358.22,1,1,1,1.0,1.0
kl,10.0,50,bookmia.01.62,5,30.53,500.0,-469.47,8,0,,1.0,1.0
kl,10.0,50,bookmia.01.69,0,186.78,500.0,-313.22,8,0,,1.0,1.0
kl,10.0,50,bookmia.01.69,1,166.0,500.0,-334.0,2,1,2,1.0,1.0
kl,10.0,50,bookmia.01.69,2,170.25,500.0,-329.75,5,1,5,1.0,1.0
kl,10.0,50,bookmia.01.69,3,184.38,500.0,-315.62,7,1,7,1.0,1.0
kl,10.0,50,bookmia.01.69,4,170.71,500.0,-329.29,2,1,2,1.0,1.0
kl,10.0,50,bookmia.01.69,5,40.94,500.0,-459.06,8,0,,1.0,1.0
kl,10.0,50,bookmia.01.71,0,190.38,500.0,-309.62,8,0,,1.0,1.0
kl,10.0,50,bookmia.01.71,1,159.48,500.0,-340.52,8,0,,1.0,1.0
kl,10.0,50,bookmia.01.71,2,187.47,500.0,-312.53,8,0,,1.0,1.0
kl,10.0,50,bookmia.01.71,3,165.58,500.0,-334.42,6,1,6,1.0,1.0
kl,10.0,50,bookmia.01.71,4,129.23,500.0,-370.77,8,0,,1.0,1.0
kl,10.0,50,bookmia.01.71,5,81.86,500.0,-418.14,8,0,,1.0,1.0
kl,10.0,50,bookmia.01.73,0,168.91,500.0,-331.09,2,1,2,1.0,1.0
kl,10.0,50,bookmia.01.73,1,181.13,500.0,-318.87,8,0,,1.0,1.0
kl,10.0,50,bookmia.01.73,2,136.82,500.0,-363.18,7,1,7,1.0,1.0
kl,10.0,50,bookmia.01.73,3,174.88,500.0,-325.12,8,0,,1.0,1.0
kl,10.0,50,bookmia.01.73,4,149.82,500.0,-350.18,8,0,,1.0,1.0
kl,10.0,50,bookmia.01.73,5,20.4,500.0,-479.6,8,0,,1.0,1.0
kl,10.0,50,bookmia.01.74,0,199.67,500.0,-300.33,8,0,,1.0,1.0
kl,10.0,50,bookmia.01.74,1,171.57,500.0,-328.43,8,0,,1.0,1.0
kl,10.0,50,bookmia.01.74,2,130.13,500.0,-369.87,8,0,,1.0,1.0
kl,10.0,50,bookmia.01.74,3,162.71,500.0,-337.29,8,0,,1.0,1.0
kl,10.0,50,bookmia.01.74,4,153.93,500.0,-346.07,8,0,,1.0,1.0
kl,10.0,50,bookmia.01.74,5,36.24,500.0,-463.76,8,0,,1.0,1.0
kl,10.0,50,bookmia.01.75,0,193.49,500.0,-306.51,8,0,,1.0,1.0
kl,10.0,50,bookmia.01.75,1,177.09,500.0,-322.91,8,0,,1.0,1.0
kl,10.0,50,bookmia.01.75,2,143.64,500.0,-356.36,5,1,5,1.0,1.0
kl,10.0,50,bookmia.01.75,3,197.96,500.0,-302.04,8,0,,1.0,1.0
kl,10.0,50,bookmia.01.75,4,162.78,500.0,-337.22,8,0,,1.0,1.0
kl,10.0,50,bookmia.01.75,5,42.63,500.0,-457.37,8,0,,1.0,1.0
kl,10.0,50,bookmia.01.76,0,176.29,500.0,-323.71,8,0,,1.0,1.0
kl,10.0,50,bookmia.01.76,1,190.56,500.0,-309.44,8,0,,1.0,1.0
kl,10.0,50,bookmia.01.76,2,145.5,500.0,-354.5,5,1,5,1.0,1.0
kl,10.0,50,bookmia.01.76,3,160.99,500.0,-339.01,8,0,,1.0,1.0
kl,10.0,50,bookmia.01.76,4,147.44,500.0,-352.56,8,0,,1.0,1.0
kl,10.0,50,bookmia.01.76,5,27.42,500.0,-472.58,8,0,,1.0,1.0
kl,10.0,50,bookmia.01.77,0,233.09,500.0,-266.91,1,1,1,1.0,1.0
kl,10.0,50,bookmia.01.77,1,161.75,500.0,-338.25,8,0,,1.0,1.0
kl,10.0,50,bookmia.01.77,2,162.45,500.0,-337.55,8,0,,1.0,1.0
kl,10.0,50,bookmia.01.77,3,131.6,500.0,-368.4,8,0,,1.0,1.0
kl,10.0,50,bookmia.01.77,4,149.37,500.0,-350.63,1,1,1,1.0,1.0
kl,10.0,50,bookmia.01.77,5,63.72,500.0,-436.28,8,0,,1.0,1.0
kl,10.0,50,bookmia.01.78,0,201.09,500.0,-298.91,8,0,,1.0,1.0
kl,10.0,50,bookmia.01.78,1,142.99,500.0,-357.01,2,1,2,1.0,1.0
kl,10.0,50,bookmia.01.78,2,153.81,500.0,-346.19,8,0,,1.0,1.0
kl,10.0,50,bookmia.01.78,3,153.93,500.0,-346.07,1,1,1,1.0,1.0
kl,10.0,50,bookmia.01.78,4,148.9,500.0,-351.1,1,1,1,1.0,1.0
kl,10.0,50,bookmia.01.78,5,21.14,500.0,-478.86,8,0,,1.0,1.0
kl,10.0,50,bookmia.01.79,0,173.88,500.0,-326.12,5,1,5,1.0,1.0
kl,10.0,50,bookmia.01.79,1,180.81,500.0,-319.19,8,0,,1.0,1.0
kl,10.0,50,bookmia.01.79,2,146.27,500.0,-353.73,8,0,,1.0,1.0
kl,10.0,50,bookmia.01.79,3,182.9,500.0,-317.1,8,0,,1.0,1.0
kl,10.0,50,bookmia.01.79,4,146.72,500.0,-353.28,8,0,,1.0,1.0
kl,10.0,50,bookmia.01.79,5,117.38,500.0,-382.62,8,0,,1.0,1.0
kl,20.0,50,bookmia.00.11,0,122.65,1000.0,-877.35,1,1,1,1.0,1.0
kl,20.0,50,bookmia.00.11,1,132.54,1000.0,-867.46,4,1,4,1.0,1.0
kl,20.0,50,bookmia.00.11,2,147.72,1000.0,-852.28,1,1,1,1.0,1.0
kl,20.0,50,bookmia.00.11,3,119.3,1000.0,-880.7,2,1,2,1.0,1.0
kl,20.0,50,bookmia.00.11,4,94.52,1000.0,-905.48,8,0,,1.0,1.0
kl,20.0,50,bookmia.00.26,0,152.37,1000.0,-847.63,8,0,,1.0,1.0
kl,20.0,50,bookmia.00.26,1,152.72,1000.0,-847.28,2,1,2,1.0,1.0
kl,20.0,50,bookmia.00.26,2,144.08,1000.0,-855.92,1,1,1,1.0,1.0
kl,20.0,50,bookmia.00.26,3,142.92,1000.0,-857.08,1,1,1,1.0,1.0
kl,20.0,50,bookmia.00.26,4,133.63,1000.0,-866.37,8,0,,1.0,1.0
kl,20.0,50,bookmia.00.31,0,106.8,1000.0,-893.2,8,0,,1.0,1.0
kl,20.0,50,bookmia.00.31,1,164.66,1000.0,-835.34,3,1,3,1.0,1.0
kl,20.0,50,bookmia.00.31,2,159.96,1000.0,-840.04,1,1,1,1.0,1.0
kl,20.0,50,bookmia.00.31,3,131.07,1000.0,-868.93,1,1,1,1.0,1.0
kl,20.0,50,bookmia.00.31,4,132.84,1000.0,-867.16,8,0,,1.0,1.0
kl,20.0,50,bookmia.00.40,0,169.49,1000.0,-830.51,1,1,1,1.0,1.0
kl,20.0,50,bookmia.00.40,1,142.84,1000.0,-857.16,7,1,7,1.0,1.0
kl,20.0,50,bookmia.00.40,2,135.65,1000.0,-864.35,7,1,7,1.0,1.0
kl,20.0,50,bookmia.00.40,3,144.71,1000.0,-855.29,1,1,1,1.0,1.0
kl,20.0,50,bookmia.00.40,4,137.6,1000.0,-862.4,1,1,1,1.0,1.0
kl,20.0,50,bookmia.00.40,5,29.97,1000.0,-970.03,8,0,,1.0,1.0
kl,20.0,50,bookmia.00.46,0,179.75,1000.0,-820.25,8,0,,1.0,1.0
kl,20.0,50,bookmia.00.46,1,138.46,1000.0,-861.54,1,1,1,1.0,1.0
kl,20.0,50,bookmia.00.46,2,149.48,1000.0,-850.52,1,1,1,1.0,1.0
kl,20.0,50,bookmia.00.46,3,171.12,1000.0,-828.88,1,1,1,1.0,1.0
kl,20.0,50,bookmia.00.46,4,155.21,1000.0,-844.79,1,1,1,1.0,1.0
kl,20.0,50,bookmia.00.46,5,6.91,1000.0,-993.09,8,0,,1.0,1.0
kl,20.0,50,bookmia.00.48,0,158.89,1000.0,-841.11,2,1,2,1.0,1.0
kl,20.0,50,bookmia.00.48,1,135.4,1000.0,-864.6,8,0,,1.0,1.0
kl,20.0,50,bookmia.00.48,2,149.59,1000.0,-850.41,1,1,1,1.0,1.0
kl,20.0,50,bookmia.00.48,3,170.64,1000.0,-829.36,6,1,6,1.0,1.0
kl,20.0,50,bookmia.00.48,4,144.88,1000.0,-855.12,8,0,,1.0,1.0
kl,20.0,50,bookmia.00.48,5,25.81,1000.0,-974.19,8,0,,1.0,1.0
kl,20.0,50,bookmia.00.64,0,172.27,1000.0,-827.73,8,1,8,1.0,1.0
kl,20.0,50,bookmia.00.64,1,147.28,1000.0,-852.72,6,1,6,1.0,1.0
kl,20.0,50,bookmia.00.64,2,118.88,1000.0,-881.12,4,1,4,1.0,1.0
kl,20.0,50,bookmia.00.64,3,126.73,1000.0,-873.27,1,1,1,1.0,1.0
kl,20.0,50,bookmia.00.64,4,126.61,1000.0,-873.39,1,1,1,1.0,1.0
kl,20.0,50,bookmia.00.64,5,22.28,1000.0,-977.72,8,0,,1.0,1.0
kl,20.0,50,bookmia.00.71,0,197.4,1000.0,-802.6,1,1,1,1.0,1.0
kl,20.0,50,bookmia.00.71,1,166.28,1000.0,-833.72,1,1,1,1.0,1.0
kl,20.0,50,bookmia.00.71,2,143.92,1000.0,-856.08,8,0,,1.0,1.0
kl,20.0,50,bookmia.00.71,3,145.06,1000.0,-854.94,2,1,2,1.0,1.0
kl,20.0,50,bookmia.00.71,4,146.51,1000.0,-853.49,1,1,1,1.0,1.0
kl,20.0,50,bookmia.00.71,5,38.72,1000.0,-961.28,8,0,,1.0,1.0
kl,20.0,50,bookmia.01.00,0,197.81,1000.0,-802.19,8,0,,1.0,1.0
kl,20.0,50,bookmia.01.00,1,183.06,1000.0,-816.94,6,1,6,1.0,1.0
kl,20.0,50,bookmia.01.00,2,159.48,1000.0,-840.52,1,1,1,1.0,1.0
kl,20.0,50,bookmia.01.00,3,141.97,1000.0,-858.03,1,1,1,1.0,1.0
kl,20.0,50,bookmia.01.00,4,127.94,1000.0,-872.06,1,1,1,1.0,1.0
kl,20.0,50,bookmia.01.00,5,42.97,1000.0,-957.03,8,0,,1.0,1.0
kl,20.0,50,bookmia.01.01,0,191.31,1000.0,-808.69,8,0,,1.0,1.0
kl,20.0,50,bookmia.01.01,1,148.19,1000.0,-851.81,1,1,1,1.0,1.0
kl,20.0,50,bookmia.01.01,2,174.57,1000.0,-825.43,1,1,1,1.0,1.0
kl,20.0,50,bookmia.01.01,3,154.51,1000.0,-845.49,1,1,1,1.0,1.0
kl,20.0,50,bookmia.01.01,4,160.31,1000.0,-839.69,3,1,3,1.0,1.0
kl,20.0,50,bookmia.01.01,5,80.28,1000.0,-919.72,8,0,,1.0,1.0
kl,20.0,50,bookmia.01.02,0,188.86,1000.0,-811.14,1,1,1,1.0,1.0
kl,20.0,50,bookmia.01.02,1,145.0,1000.0,-855.0,1,1,1,1.0,1.0
kl,20.0,50,bookmia.01.02,2,189.6,1000.0,-810.4,1,1,1,1.0,1.0
kl,20.0,50,bookmia.01.02,3,142.94,1000.0,-857.06,1,1,1,1.0,1.0
kl,20.0,50,bookmia.01.02,4,168.24,1000.0,-831.76,1,1,1,1.0,1.0
kl,20.0,50,bookmia.01.02,5,85.94,1000.0,-914.06,8,0,,1.0,1.0
kl,20.0,50,bookmia.01.03,0,154.47,1000.0,-845.53,2,1,2,1.0,1.0
kl,20.0,50,bookmia.01.03,1,154.97,1000.0,-845.03,1,1,1,1.0,1.0
kl,20.0,50,bookmia.01.03,2,161.0,1000.0,-839.0,1,1,1,1.0,1.0
kl,20.0,50,bookmia.01.03,3,163.25,1000.0,-836.75,1,1,1,1.0,1.0
kl,20.0,50,bookmia.01.03,4,169.04,1000.0,-830.96,1,1,1,1.0,1.0
kl,20.0,50,bookmia.01.03,5,12.62,1000.0,-987.38,8,0,,1.0,1.0
kl,20.0,50,bookmia.01.04,0,163.16,1000.0,-836.84,1,1,1,1.0,1.0
kl,20.0,50,bookmia.01.04,1,180.56,1000.0,-819.44,8,0,,1.0,1.0
kl,20.0,50,bookmia.01.04,2,215.33,1000.0,-784.67,1,1,1,1.0,1.0
kl,20.0,50,bookmia.01.04,3,146.31,1000.0,-853.69,1,1,1,1.0,1.0
kl,20.0,50,bookmia.01.04,4,161.88,1000.0,-838.12,1,1,1,1.0,1.0
kl,20.0,50,bookmia.01.04,5,22.44,1000.0,-977.56,8,0,,1.0,1.0
kl,20.0,50,bookmia.01.07,0,206.33,1000.0,-793.67,3,1,3,1.0,1.0
kl,20.0,50,bookmia.01.07,1,164.86,1000.0,-835.14,1,1,1,1.0,1.0
kl,20.0,50,bookmia.01.07,2,165.84,1000.0,-834.16,3,1,3,1.0,1.0
kl,20.0,50,bookmia.01.07,3,166.58,1000.0,-833.42,1,1,1,1.0,1.0
kl,20.0,50,bookmia.01.07,4,192.88,1000.0,-807.12,2,1,2,1.0,1.0
kl,20.0,50,bookmia.01.07,5,28.84,1000.0,-971.16,8,0,,1.0,1.0
kl,20.0,50,bookmia.01.10,0,164.3,1000.0,-835.7,3,1,3,1.0,1.0
kl,20.0,50,bookmia.01.10,1,163.25,1000.0,-836.75,8,0,,1.0,1.0
kl,20.0,50,bookmia.01.10,2,124.83,1000.0,-875.17,1,1,1,1.0,1.0
kl,20.0,50,bookmia.01.10,3,185.12,1000.0,-814.88,1,1,1,1.0,1.0
kl,20.0,50,bookmia.01.10,4,184.85,1000.0,-815.15,1,1,1,1.0,1.0
kl,20.0,50,bookmia.01.10,5,26.35,1000.0,-973.65,8,0,,1.0,1.0
kl,20.0,50,bookmia.01.11,0,139.01,1000.0,-860.99,1,1,1,1.0,1.0
kl,20.0,50,bookmia.01.11,1,132.2,1000.0,-867.8,1,1,1,1.0,1.0
kl,20.0,50,bookmia.01.11,2,141.9,1000.0,-858.1,2,1,2,1.0,1.0
kl,20.0,50,bookmia.01.11,3,127.85,1000.0,-872.15,1,1,1,1.0,1.0
kl,20.0,50,bookmia.01.11,4,141.71,1000.0,-858.29,1,1,1,1.0,1.0
kl,20.0,50,bookmia.01.11,5,30.94,1000.0,-969.06,8,0,,1.0,1.0
kl,20.0,50,bookmia.01.12,0,172.66,1000.0,-827.34,8,0,,1.0,1.0
kl,20.0,50,bookmia.01.12,1,193.11,1000.0,-806.89,8,0,,1.0,1.0
kl,20.0,50,bookmia.01.12,2,161.4,1000.0,-838.6,8,0,,1.0,1.0
kl,20.0,50,bookmia.01.12,3,137.0,1000.0,-863.0,8,0,,1.0,1.0
kl,20.0,50,bookmia.01.12,4,148.08,1000.0,-851.92,1,1,1,1.0,1.0
kl,20.0,50,bookmia.01.12,5,116.44,1000.0,-883.56,8,0,,1.0,1.0
kl,20.0,50,bookmia.01.14,0,218.31,1000.0,-781.69,1,1,1,1.0,1.0
kl,20.0,50,bookmia.01.14,1,160.22,1000.0,-839.78,1,1,1,1.0,1.0
kl,20.0,50,bookmia.01.14,2,137.22,1000.0,-862.78,1,1,1,1.0,1.0
kl,20.0,50,bookmia.01.14,3,162.92,1000.0,-837.08,2,1,2,1.0,1.0
kl,20.0,50,bookmia.01.14,4,140.92,1000.0,-859.08,2,1,2,1.0,1.0
kl,20.0,50,bookmia.01.14,5,40.2,1000.0,-959.8,8,0,,1.0,1.0
kl,20.0,50,bookmia.01.20,0,186.26,1000.0,-813.74,8,0,,1.0,1.0
kl,20.0,50,bookmia.01.20,1,151.51,1000.0,-848.49,8,1,8,1.0,1.0
kl,20.0,50,bookmia.01.20,2,150.27,1000.0,-849.73,8,0,,1.0,1.0
kl,20.0,50,bookmia.01.20,3,185.33,1000.0,-814.67,1,1,1,1.0,1.0
kl,20.0,50,bookmia.01.20,4,155.88,1000.0,-844.12,1,1,1,1.0,1.0
kl,20.0,50,bookmia.01.20,5,29.47,1000.0,-970.53,8,0,,1.0,1.0
kl,20.0,50,bookmia.01.22,0,184.19,1000.0,-815.81,1,1,1,1.0,1.0
kl,20.0,50,bookmia.01.22,1,163.58,1000.0,-836.42,1,1,1,1.0,1.0
kl,20.0,50,bookmia.01.22,2,144.91,1000.0,-855.09,4,1,4,1.0,1.0
kl,20.0,50,bookmia.01.22,3,164.07,1000.0,-835.93,2,1,2,1.0,1.0
kl,20.0,50,bookmia.01.22,4,128.85,1000.0,-871.15,8,1,8,1.0,1.0
kl,20.0,50,bookmia.01.22,5,93.1,1000.0,-906.9,8,0,,1.0,1.0
kl,20.0,50,bookmia.01.23,0,156.24,1000.0,-843.76,8,0,,1.0,1.0
kl,20.0,50,bookmia.01.23,1,147.89,1000.0,-852.11,5,1,5,1.0,1.0
kl,20.0,50,bookmia.01.23,2,161.02,1000.0,-838.98,2,1,2,1.0,1.0
kl,20.0,50,bookmia.01.23,3,172.37,1000.0,-827.63,1,1,1,1.0,1.0
kl,20.0,50,bookmia.01.23,4,152.14,1000.0,-847.86,4,1,4,1.0,1.0
kl,20.0,50,bookmia.01.23,5,13.26,1000.0,-986.74,8,0,,1.0,1.0
kl,20.0,50,bookmia.01.26,0,212.96,1000.0,-787.04,8,0,,1.0,1.0
kl,20.0,50,bookmia.01.26,1,173.97,1000.0,-826.03,1,1,1,1.0,1.0
kl,20.0,50,bookmia.01.26,2,131.38,1000.0,-868.62,8,0,,1.0,1.0
kl,20.0,50,bookmia.01.26,3,129.1,1000.0,-870.9,1,1,1,1.0,1.0
kl,20.0,50,bookmia.01.26,4,136.75,1000.0,-863.25,8,0,,1.0,1.0
kl,20.0,50,bookmia.01.26,5,67.17,1000.0,-932.83,8,0,,1.0,1.0
kl,20.0,50,bookmia.01.27,0,153.8,1000.0,-846.2,1,1,1,1.0,1.0
kl,20.0,50,bookmia.01.27,1,165.99,1000.0,-834.01,1,1,1,1.0,1.0
kl,20.0,50,bookmia.01.27,2,142.83,1000.0,-857.17,1,1,1,1.0,1.0
kl,20.0,50,bookmia.01.27,3,150.41,1000.0,-849.59,2,1,2,1.0,1.0
kl,20.0,50,bookmia.01.27,4,172.14,1000.0,-827.86,1,1,1,1.0,1.0
kl,20.0,50,bookmia.01.27,5,28.45,1000.0,-971.55,8,0,,1.0,1.0
kl,20.0,50,bookmia.01.31,0,204.46,1000.0,-795.54,1,1,1,1.0,1.0
kl,20.0,50,bookmia.01.31,1,164.46,1000.0,-835.54,1,1,1,1.0,1.0
kl,20.0,50,bookmia.01.31,2,137.27,1000.0,-862.73,2,1,2,1.0,1.0
kl,20.0,50,bookmia.01.31,3,152.53,1000.0,-847.47,1,1,1,1.0,1.0
kl,20.0,50,bookmia.01.31,4,146.14,1000.0,-853.86,1,1,1,1.0,1.0
kl,20.0,50,bookmia.01.31,5,21.11,1000.0,-978.89,8,0,,1.0,1.0
kl,20.0,50,bookmia.01.32,0,183.91,1000.0,-816.09,3,1,3,1.0,1.0
kl,20.0,50,bookmia.01.32,1,226.77,1000.0,-773.23,8,0,,1.0,1.0
kl,20.0,50,bookmia.01.32,2,167.92,1000.0,-832.08,2,1,2,1.0,1.0
kl,20.0,50,bookmia.01.32,3,139.17,1000.0,-860.83,8,0,,1.0,1.0
kl,20.0,50,bookmia.01.32,4,155.77,1000.0,-844.23,3,1,3,1.0,1.0
kl,20.0,50,bookmia.01.32,5,28.52,1000.0,-971.48,8,0,,1.0,1.0
kl,20.0,50,bookmia.01.33,0,187.26,1000.0,-812.74,1,1,1,1.0,1.0
kl,20.0,50,bookmia.01.33,1,166.26,1000.0,-833.74,8,0,,1.0,1.0
kl,20.0,50,bookmia.01.33,2,222.3,1000.0,-777.7,1,1,1,1.0,1.0
kl,20.0,50,bookmia.01.33,3,150.68,1000.0,-849.32,1,1,1,1.0,1.0
kl,20.0,50,bookmia.01.33,4,160.5,1000.0,-839.5,1,1,1,1.0,1.0
kl,20.0,50,bookmia.01.33,5,66.05,1000.0,-933.95,8,0,,1.0,1.0
kl,20.0,50,bookmia.01.36,0,138.94,1000.0,-861.06,2,1,2,1.0,1.0
kl,20.0,50,bookmia.01.36,1,160.42,1000.0,-839.58,1,1,1,1.0,1.0
kl,20.0,50,bookmia.01.36,2,149.31,1000.0,-850.69,1,1,1,1.0,1.0
kl,20.0,50,bookmia.01.36,3,157.41,1000.0,-842.59,1,1,1,1.0,1.0
kl,20.0,50,bookmia.01.36,4,184.55,1000.0,-815.45,8,0,,1.0,1.0
kl,20.0,50,bookmia.01.36,5,58.44,1000.0,-941.56,8,0,,1.0,1.0
kl,20.0,50,bookmia.01.37,0,182.45,1000.0,-817.55,1,1,1,1.0,1.0
kl,20.0,50,bookmia.01.37,1,165.86,1000.0,-834.14,1,1,1,1.0,1.0
kl,20.0,50,bookmia.01.37,2,142.02,1000.0,-857.98,3,1,3,1.0,1.0
kl,20.0,50,bookmia.01.37,3,134.18,1000.0,-865.82,8,0,,1.0,1.0
kl,20.0,50,bookmia.01.37,4,143.22,1000.0,-856.78,1,1,1,1.0,1.0
kl,20.0,50,bookmia.01.37,5,32.78,1000.0,-967.22,8,0,,1.0,1.0
kl,20.0,50,bookmia.01.39,0,199.98,1000.0,-800.02,1,1,1,1.0,1.0
kl,20.0,50,bookmia.01.39,1,164.67,1000.0,-835.33,8,0,,1.0,1.0
kl,20.0,50,bookmia.01.39,2,198.43,1000.0,-801.57,8,0,,1.0,1.0
kl,20.0,50,bookmia.01.39,3,181.43,1000.0,-818.57,1,1,1,1.0,1.0
kl,20.0,50,bookmia.01.39,4,142.53,1000.0,-857.47,1,1,1,1.0,1.0
kl,20.0,50,bookmia.01.39,5,25.49,1000.0,-974.51,8,0,,1.0,1.0
kl,20.0,50,bookmia.01.41,0,171.09,1000.0,-828.91,5,1,5,1.0,1.0
kl,20.0,50,bookmia.01.41,1,172.94,1000.0,-827.06,1,1,1,1.0,1.0
kl,20.0,50,bookmia.01.41,2,128.96,1000.0,-871.04,1,1,1,1.0,1.0
kl,20.0,50,bookmia.01.41,3,171.57,1000.0,-828.43,1,1,1,1.0,1.0
kl,20.0,50,bookmia.01.41,4,157.16,1000.0,-842.84,2,1,2,1.0,1.0
kl,20.0,50,bookmia.01.41,5,21.08,1000.0,-978.92,8,0,,1.0,1.0
kl,20.0,50,bookmia.01.42,0,161.19,1000.0,-838.81,3,1,3,1.0,1.0
kl,20.0,50,bookmia.01.42,1,155.91,1000.0,-844.09,1,1,1,1.0,1.0
kl,20.0,50,bookmia.01.42,2,134.97,1000.0,-865.03,1,1,1,1.0,1.0
kl,20.0,50,bookmia.01.42,3,170.76,1000.0,-829.24,8,0,,1.0,1.0
kl,20.0,50,bookmia.01.42,4,198.19,1000.0,-801.81,1,1,1,1.0,1.0
kl,20.0,50,bookmia.01.42,5,0.5,1000.0,-999.5,8,0,,1.0,1.0
kl,20.0,50,bookmia.01.43,0,196.09,1000.0,-803.91,6,1,6,1.0,1.0
kl,20.0,50,bookmia.01.43,1,211.0,1000.0,-789.0,8,0,,1.0,1.0
kl,20.0,50,bookmia.01.43,2,179.76,1000.0,-820.24,8,0,,1.0,1.0
kl,20.0,50,bookmia.01.43,3,201.73,1000.0,-798.27,2,1,2,1.0,1.0
kl,20.0,50,bookmia.01.43,4,151.41,1000.0,-848.59,3,1,3,1.0,1.0
kl,20.0,50,bookmia.01.43,5,133.82,1000.0,-866.18,8,0,,1.0,1.0
kl,20.0,50,bookmia.01.44,0,246.12,1000.0,-753.88,2,1,2,1.0,1.0
kl,20.0,50,bookmia.01.44,1,140.19,1000.0,-859.81,7,1,7,1.0,1.0
kl,20.0,50,bookmia.01.44,2,160.59,1000.0,-839.41,1,1,1,1.0,1.0
kl,20.0,50,bookmia.01.44,3,154.63,1000.0,-845.37,2,1,2,1.0,1.0
kl,20.0,50,bookmia.01.44,4,165.24,1000.0,-834.76,1,1,1,1.0,1.0
kl,20.0,50,bookmia.01.44,5,59.53,1000.0,-940.47,8,0,,1.0,1.0
kl,20.0,50,bookmia.01.46,0,210.0,1000.0,-790.0,6,1,6,1.0,1.0
kl,20.0,50,bookmia.01.46,1,195.94,1000.0,-804.06,8,0,,1.0,1.0
kl,20.0,50,bookmia.01.46,2,123.84,1000.0,-876.16,2,1,2,1.0,1.0
kl,20.0,50,bookmia.01.46,3,162.15,1000.0,-837.85,2,1,2,1.0,1.0
kl,20.0,50,bookmia.01.46,4,201.45,1000.0,-798.55,8,0,,1.0,1.0
kl,20.0,50,bookmia.01.46,5,33.77,1000.0,-966.23,8,0,,1.0,1.0
kl,20.0,50,bookmia.01.49,0,168.77,1000.0,-831.23,1,1,1,1.0,1.0
kl,20.0,50,bookmia.01.49,1,176.56,1000.0,-823.44,4,1,4,1.0,1.0
kl,20.0,50,bookmia.01.49,2,179.62,1000.0,-820.38,8,0,,1.0,1.0
kl,20.0,50,bookmia.01.49,3,119.04,1000.0,-880.96,8,0,,1.0,1.0
kl,20.0,50,bookmia.01.49,4,141.78,1000.0,-858.22,1,1,1,1.0,1.0
kl,20.0,50,bookmia.01.49,5,107.41,1000.0,-892.59,8,0,,1.0,1.0
kl,20.0,50,bookmia.01.51,0,149.85,1000.0,-850.15,1,1,1,1.0,1.0
kl,20.0,50,bookmia.01.51,1,172.04,1000.0,-827.96,1,1,1,1.0,1.0
kl,20.0,50,bookmia.01.51,2,148.22,1000.0,-851.78,1,1,1,1.0,1.0
kl,20.0,50,bookmia.01.51,3,164.81,1000.0,-835.19,2,1,2,1.0,1.0
kl,20.0,50,bookmia.01.51,4,134.95,1000.0,-865.05,1,1,1,1.0,1.0
kl,20.0,50,bookmia.01.51,5,50.59,1000.0,-949.41,8,0,,1.0,1.0
kl,20.0,50,bookmia.01.52,0,174.23,1000.0,-825.77,1,1,1,1.0,1.0
kl,20.0,50,bookmia.01.52,1,119.31,1000.0,-880.69,1,1,1,1.0,1.0
kl,20.0,50,bookmia.01.52,2,159.24,1000.0,-840.76,1,1,1,1.0,1.0
kl,20.0,50,bookmia.01.52,3,123.65,1000.0,-876.35,1,1,1,1.0,1.0
kl,20.0,50,bookmia.01.52,4,161.42,1000.0,-838.58,1,1,1,1.0,1.0
kl,20.0,50,bookmia.01.52,5,98.87,1000.0,-901.13,8,0,,1.0,1.0
kl,20.0,50,bookmia.01.58,0,199.31,1000.0,-800.69,8,0,,1.0,1.0
kl,20.0,50,bookmia.01.58,1,152.62,1000.0,-847.38,1,1,1,1.0,1.0
kl,20.0,50,bookmia.01.58,2,124.1,1000.0,-875.9,1,1,1,1.0,1.0
kl,20.0,50,bookmia.01.58,3,106.59,1000.0,-893.41,1,1,1,1.0,1.0
kl,20.0,50,bookmia.01.58,4,131.29,1000.0,-868.71,1,1,1,1.0,1.0
kl,20.0,50,bookmia.01.58,5,11.11,1000.0,-988.89,8,0,,1.0,1.0
kl,20.0,50,bookmia.01.59,0,187.73,1000.0,-812.27,1,1,1,1.0,1.0
kl,20.0,50,bookmia.01.59,1,183.12,1000.0,-816.88,2,1,2,1.0,1.0
kl,20.0,50,bookmia.01.59,2,156.56,1000.0,-843.44,3,1,3,1.0,1.0
kl,20.0,50,bookmia.01.59,3,193.45,1000.0,-806.55,1,1,1,1.0,1.0
kl,20.0,50,bookmia.01.59,4,170.26,1000.0,-829.74,3,1,3,1.0,1.0
kl,20.0,50,bookmia.01.59,5,80.17,1000.0,-919.83,8,0,,1.0,1.0
kl,20.0,50,bookmia.01.60,0,210.77,1000.0,-789.23,3,1,3,1.0,1.0
kl,20.0,50,bookmia.01.60,1,210.94,1000.0,-789.06,8,0,,1.0,1.0
kl,20.0,50,bookmia.01.60,2,159.42,1000.0,-840.58,2,1,2,1.0,1.0
kl,20.0,50,bookmia.01.60,3,189.17,1000.0,-810.83,5,1,5,1.0,1.0
kl,20.0,50,bookmia.01.60,4,134.27,1000.0,-865.73,1,1,1,1.0,1.0
kl,20.0,50,bookmia.01.60,5,82.38,1000.0,-917.62,8,0,,1.0,1.0
kl,20.0,50,bookmia.01.62,0,201.48,1000.0,-798.52,2,1,2,1.0,1.0
kl,20.0,50,bookmia.01.62,1,149.48,1000.0,-850.52,1,1,1,1.0,1.0
kl,20.0,50,bookmia.01.62,2,205.46,1000.0,-794.54,1,1,1,1.0,1.0
kl,20.0,50,bookmia.01.62,3,161.3,1000.0,-838.7,3,1,3,1.0,1.0
kl,20.0,50,bookmia.01.62,4,141.78,1000.0,-858.22,1,1,1,1.0,1.0
kl,20.0,50,bookmia.01.62,5,30.53,1000.0,-969.47,8,0,,1.0,1.0
kl,20.0,50,bookmia.01.69,0,186.78,1000.0,-813.22,8,0,,1.0,1.0
kl,20.0,50,bookmia.01.69,1,166.0,1000.0,-834.0,3,1,3,1.0,1.0
kl,20.0,50,bookmia.01.69,2,170.25,1000.0,-829.75,1,1,1,1.0,1.0
kl,20.0,50,bookmia.01.69,3,184.38,1000.0,-815.62,1,1,1,1.0,1.0
kl,20.0,50,bookmia.01.69,4,170.71,1000.0,-829.29,1,1,1,1.0,1.0
kl,20.0,50,bookmia.01.69,5,40.94,1000.0,-959.06,8,0,,1.0,1.0
kl,20.0,50,bookmia.01.71,0,190.38,1000.0,-809.62,2,1,2,1.0,1.0
kl,20.0,50,bookmia.01.71,1,159.48,1000.0,-840.52,1,1,1,1.0,1.0
kl,20.0,50,bookmia.01.71,2,187.47,1000.0,-812.53,2,1,2,1.0,1.0
kl,20.0,50,bookmia.01.71,3,165.58,1000.0,-834.42,2,1,2,1.0,1.0
kl,20.0,50,bookmia.01.71,4,129.23,1000.0,-870.77,8,0,,1.0,1.0
kl,20.0,50,bookmia.01.71,5,81.86,1000.0,-918.14,8,0,,1.0,1.0
kl,20.0,50,bookmia.01.73,0,168.91,1000.0,-831.09,2,1,2,1.0,1.0
kl,20.0,50,bookmia.01.73,1,181.13,1000.0,-818.87,1,1,1,1.0,1.0
kl,20.0,50,bookmia.01.73,2,136.82,1000.0,-863.18,2,1,2,1.0,1.0
kl,20.0,50,bookmia.01.73,3,174.88,1000.0,-825.12,8,0,,1.0,1.0
kl,20.0,50,bookmia.01.73,4,149.82,1000.0,-850.18,2,1,2,1.0,1.0
kl,20.0,50,bookmia.01.73,5,20.4,1000.0,-979.6,8,0,,1.0,1.0
kl,20.0,50,bookmia.01.74,0,199.67,1000.0,-800.33,8,1,8,1.0,1.0
kl,20.0,50,bookmia.01.74,1,171.57,1000.0,-828.43,1,1,1,1.0,1.0
kl,20.0,50,bookmia.01.74,2,130.13,1000.0,-869.87,1,1,1,1.0,1.0
kl,20.0,50,bookmia.01.74,3,162.71,1000.0,-837.29,8,0,,1.0,1.0
kl,20.0,50,bookmia.01.74,4,153.93,1000.0,-846.07,1,1,1,1.0,1.0
kl,20.0,50,bookmia.01.74,5,36.24,1000.0,-963.76,8,0,,1.0,1.0
kl,20.0,50,bookmia.01.75,0,193.49,1000.0,-806.51,8,0,,1.0,1.0
kl,20.0,50,bookmia.01.75,1,177.09,1000.0,-822.91,2,1,2,1.0,1.0
kl,20.0,50,bookmia.01.75,2,143.64,1000.0,-856.36,2,1,2,1.0,1.0
kl,20.0,50,bookmia.01.75,3,197.96,1000.0,-802.04,8,0,,1.0,1.0
kl,20.0,50,bookmia.01.75,4,162.78,1000.0,-837.22,1,1,1,1.0,1.0
kl,20.0,50,bookmia.01.75,5,42.63,1000.0,-957.37,8,0,,1.0,1.0
kl,20.0,50,bookmia.01.76,0,176.29,1000.0,-823.71,1,1,1,1.0,1.0
kl,20.0,50,bookmia.01.76,1,190.56,1000.0,-809.44,2,1,2,1.0,1.0
kl,20.0,50,bookmia.01.76,2,145.5,1000.0,-854.5,1,1,1,1.0,1.0
kl,20.0,50,bookmia.01.76,3,160.99,1000.0,-839.01,6,1,6,1.0,1.0
kl,20.0,50,bookmia.01.76,4,147.44,1000.0,-852.56,3,1,3,1.0,1.0
kl,20.0,50,bookmia.01.76,5,27.42,1000.0,-972.58,8,0,,1.0,1.0
kl,20.0,50,bookmia.01.77,0,233.09,1000.0,-766.91,1,1,1,1.0,1.0
kl,20.0,50,bookmia.01.77,1,161.75,1000.0,-838.25,1,1,1,1.0,1.0
kl,20.0,50,bookmia.01.77,2,162.45,1000.0,-837.55,1,1,1,1.0,1.0
kl,20.0,50,bookmia.01.77,3,131.6,1000.0,-868.4,3,1,3,1.0,1.0
kl,20.0,50,bookmia.01.77,4,149.37,1000.0,-850.63,1,1,1,1.0,1.0
kl,20.0,50,bookmia.01.77,5,63.72,1000.0,-936.28,8,0,,1.0,1.0
kl,20.0,50,bookmia.01.78,0,201.09,1000.0,-798.91,3,1,3,1.0,1.0
kl,20.0,50,bookmia.01.78,1,142.99,1000.0,-857.01,2,1,2,1.0,1.0
kl,20.0,50,bookmia.01.78,2,153.81,1000.0,-846.19,1,1,1,1.0,1.0
kl,20.0,50,bookmia.01.78,3,153.93,1000.0,-846.07,1,1,1,1.0,1.0
kl,20.0,50,bookmia.01.78,4,148.9,1000.0,-851.1,1,1,1,1.0,1.0
kl,20.0,50,bookmia.01.78,5,21.14,1000.0,-978.86,8,0,,1.0,1.0
kl,20.0,50,bookmia.01.79,0,173.88,1000.0,-826.12,1,1,1,1.0,1.0
kl,20.0,50,bookmia.01.79,1,180.81,1000.0,-819.19,8,0,,1.0,1.0
kl,20.0,50,bookmia.01.79,2,146.27,1000.0,-853.73,8,0,,1.0,1.0
kl,20.0,50,bookmia.01.79,3,182.9,1000.0,-817.1,1,1,1,1.0,1.0
kl,20.0,50,bookmia.01.79,4,146.72,1000.0,-853.28,8,0,,1.0,1.0
kl,20.0,50,bookmia.01.79,5,117.38,1000.0,-882.62,8,0,,1.0,1.0
