prompt_id,novel,n_steps,k,spend_greedy,spend_dual,fidelity_greedy,fidelity_dual,fidelity_ceiling,gain_ratio,frac_of_ceiling_greedy,frac_of_ceiling_dual,theta_greedy_mean,theta_dual_mean,theta_greedy_at_one_pct,theta_dual_at_zero_pct,jeffreys_median,price_iqr_ratio,lam
bookmia.13.01,,380,0.25,72.6293,72.6293,263.2286,291.0008,473.1396,1.1055,0.5563,0.615,0.5641,0.2334,34.21,0.0,2.9971,1823317248.0,1.465244
bookmia.13.03,,380,0.25,74.2469,74.2469,264.2417,292.9446,486.6524,1.1086,0.543,0.602,0.5274,0.2049,33.16,0.0,3.4813,1772349184.0,1.493825
bookmia.13.04,,380,0.25,66.6592,66.6592,242.8943,269.2904,452.3717,1.1087,0.5369,0.5953,0.5767,0.1941,40.53,0.0,2.9038,1867995136.0,1.551086
bookmia.13.05,,380,0.25,68.6682,68.6682,288.0432,316.7496,528.0079,1.0997,0.5455,0.5999,0.5636,0.2089,37.89,0.0,3.2734,1975255424.0,1.59415
bookmia.13.08,,380,0.25,73.4715,73.4715,277.4401,306.2401,507.7659,1.1038,0.5464,0.6031,0.521,0.2076,32.11,0.0,3.4566,1862336640.0,1.515308
bookmia.13.09,,380,0.25,71.1005,71.1005,280.7006,307.442,517.685,1.0953,0.5422,0.5939,0.5438,0.2046,36.05,0.0,3.5796,1894018176.0,1.567475
bookmia.13.10,,380,0.25,73.0471,73.0471,284.7475,317.6482,534.4573,1.1155,0.5328,0.5943,0.5269,0.2092,32.37,0.0,3.3905,1991009408.0,1.600307
bookmia.13.12,,380,0.25,70.1479,70.1479,251.9809,278.6918,463.146,1.106,0.5441,0.6017,0.5573,0.2053,37.37,0.0,3.0402,1729692416.0,1.496246
bookmia.13.13,,380,0.25,71.1465,71.1465,274.5007,302.8909,513.2003,1.1034,0.5349,0.5902,0.5412,0.1954,36.84,0.0,3.7947,2027879808.0,1.590951
bookmia.13.16,,380,0.25,72.5711,72.5711,249.1511,276.4698,444.4484,1.1096,0.5606,0.6221,0.5582,0.2138,37.11,0.0,3.0973,1812502016.0,1.416483
bookmia.13.18,,380,0.25,71.5279,71.5279,266.8925,293.7906,492.2477,1.1008,0.5422,0.5968,0.5434,0.1968,36.58,0.0,3.1751,1864763264.0,1.520321
bookmia.13.22,,380,0.25,72.9146,72.9146,279.5412,308.7025,506.4587,1.1043,0.552,0.6095,0.5427,0.221,33.42,0.0,3.3149,1908802816.0,1.531837
bookmia.13.23,,380,0.25,72.2474,72.2474,272.2628,302.5221,490.6768,1.1111,0.5549,0.6165,0.55,0.2178,33.68,0.0,3.1075,1914310528.0,1.492598
bookmia.13.25,,380,0.25,64.2751,64.2751,227.449,252.4075,400.4093,1.1097,0.568,0.6304,0.6198,0.2218,42.89,0.0,2.2071,1650355200.0,1.4033
bookmia.13.27,,380,0.25,70.3882,70.3882,285.2049,312.1768,518.6414,1.0946,0.5499,0.6019,0.5483,0.2054,35.79,0.0,3.4311,1920265728.0,1.567333
bookmia.13.29,,380,0.25,71.4102,71.4102,255.5453,285.1382,468.393,1.1158,0.5456,0.6088,0.5628,0.2041,37.63,0.0,2.9764,1797393792.0,1.482738
bookmia.13.31,,380,0.25,67.5176,67.5176,263.1261,288.255,474.5195,1.0955,0.5545,0.6075,0.5924,0.221,39.47,0.0,2.6016,1775385216.0,1.532942
bookmia.13.32,,380,0.25,71.8728,71.8728,274.4523,303.4719,520.6423,1.1057,0.5271,0.5829,0.5269,0.1883,35.26,0.0,4.007,1875042048.0,1.582807
bookmia.13.34,,380,0.25,74.3729,74.3729,275.0547,304.3223,496.5885,1.1064,0.5539,0.6128,0.5361,0.2157,32.89,0.0,3.5456,1842664832.0,1.468908
bookmia.13.35,,380,0.25,66.8669,66.8669,263.3384,290.4425,492.4755,1.1029,0.5347,0.5898,0.5762,0.1996,40.26,0.0,2.9422,1960958976.0,1.617137
bookmia.13.37,,380,0.25,75.3484,75.3484,291.961,321.5117,547.3943,1.1012,0.5334,0.5873,0.4993,0.197,30.79,0.0,4.1231,2002926848.0,1.585156
bookmia.13.41,,380,0.25,71.696,71.696,261.8407,285.5288,472.4358,1.0905,0.5542,0.6044,0.5327,0.2103,33.68,0.0,3.4155,1850081920.0,1.481112
bookmia.13.42,,380,0.25,71.5865,71.5866,276.7381,306.1478,515.0607,1.1063,0.5373,0.5944,0.5427,0.2024,35.79,0.0,3.4115,2004543104.0,1.575649
bookmia.13.43,,380,0.25,68.8238,68.8238,247.8678,270.1738,451.0267,1.09,0.5496,0.599,0.5616,0.2041,37.63,0.0,3.3109,1741867648.0,1.477596
bookmia.13.44,,380,0.25,70.209,70.209,263.1053,291.9939,482.6511,1.1098,0.5451,0.605,0.5528,0.2007,37.11,0.0,3.2958,1799654528.0,1.513527
bookmia.13.45,,380,0.25,71.3356,71.3356,262.608,287.2448,487.7508,1.0938,0.5384,0.5889,0.5324,0.2047,33.95,0.0,3.3697,1854700672.0,1.532218
bookmia.13.46,,380,0.25,70.2551,70.2551,277.2016,306.5568,522.2103,1.1059,0.5308,0.587,0.5486,0.206,36.05,0.0,3.4206,1990049920.0,1.647789
bookmia.13.47,,380,0.25,74.5331,74.5331,256.8562,282.9134,467.1067,1.1014,0.5499,0.6057,0.5207,0.2126,31.05,0.0,3.4665,1810206336.0,1.444104
bookmia.13.51,,380,0.25,72.5981,72.5981,270.2228,300.0397,494.4389,1.1103,0.5465,0.6068,0.5492,0.2092,34.47,0.0,3.2251,1850765952.0,1.513661
bookmia.13.52,,380,0.25,71.8009,71.801,262.452,287.1172,472.5912,1.094,0.5553,0.6075,0.541,0.2097,35.26,0.0,3.286,1807458688.0,1.466081
