source,work,kind,n_tokens,S,S_per_tok,nv_recall,lcs_word
gutenberg,Alice's Adventures in Wonderland,opening,100,257.25,2.5725,,
gutenberg,Alice's Adventures in Wonderland,deep,100,267.21,2.6721,,
gutenberg,Alice's Adventures in Wonderland,anchor_greedy_recall,100,,,0.0,1
gutenberg,Alice's Adventures in Wonderland,anchor_sampled_recall,100,,,0.0,2
gutenberg,Pride and Prejudice,opening,100,317.19,3.1719,,
gutenberg,Pride and Prejudice,deep,100,394.36,3.9436,,
gutenberg,Pride and Prejudice,anchor_greedy_recall,100,,,0.0,2
gutenberg,Pride and Prejudice,anchor_sampled_recall,100,,,0.0,2
gutenberg,Moby-Dick,opening,100,403.16,4.0316,,
gutenberg,Moby-Dick,deep,100,327.62,3.2762,,
gutenberg,Moby-Dick,anchor_greedy_recall,100,,,0.0,1
gutenberg,Moby-Dick,anchor_sampled_recall,100,,,0.0,1
gutenberg,A Tale of Two Cities,opening,100,121.36,1.2136,,
gutenberg,A Tale of Two Cities,deep,100,353.17,3.5317,,
gutenberg,A Tale of Two Cities,anchor_greedy_recall,100,,,0.0,0
gutenberg,A Tale of Two Cities,anchor_sampled_recall,100,,,0.0,0
gutenberg,The Adventures of Sherlock Holmes,opening,100,119.64,1.1964,,
gutenberg,The Adventures of Sherlock Holmes,deep,100,277.69,2.7769,,
gutenberg,The Adventures of Sherlock Holmes,anchor_greedy_recall,100,,,0.0,4
gutenberg,The Adventures of Sherlock Holmes,anchor_sampled_recall,100,,,0.0,2
gutenberg,Frankenstein,opening,100,310.66,3.1066,,
gutenberg,Frankenstein,deep,100,379.43,3.7943,,
gutenberg,Frankenstein,anchor_greedy_recall,100,,,0.0,2
gutenberg,Frankenstein,anchor_sampled_recall,100,,,0.0,2
gutenberg,Dracula,opening,100,417.27,4.1727,,
gutenberg,Dracula,deep,100,316.04,3.1604,,
gutenberg,Dracula,anchor_greedy_recall,100,,,0.0,1
gutenberg,Dracula,anchor_sampled_recall,100,,,0.0,1
gutenberg,Jane Eyre,opening,100,360.82,3.6082,,
gutenberg,Jane Eyre,deep,100,334.31,3.3431,,
gutenberg,Jane Eyre,anchor_greedy_recall,100,,,0.0,1
gutenberg,Jane Eyre,anchor_sampled_recall,100,,,0.0,1
gutenberg,Wuthering Heights,opening,100,361.03,3.6103,,
gutenberg,Wuthering Heights,deep,100,320.55,3.2055,,
gutenberg,Wuthering Heights,anchor_greedy_recall,100,,,0.0,1
gutenberg,Wuthering Heights,anchor_sampled_recall,100,,,0.0,1
gutenberg,Great Expectations,opening,100,310.99,3.1099,,
gutenberg,Great Expectations,deep,100,364.81,3.6481,,
gutenberg,Great Expectations,anchor_greedy_recall,100,,,0.0,1
gutenberg,Great Expectations,anchor_sampled_recall,100,,,0.0,1
gutenberg,Adventures of Huckleberry Finn,opening,100,500.92,5.0092,,
gutenberg,Adventures of Huckleberry Finn,deep,100,338.62,3.3862,,
gutenberg,Adventures of Huckleberry Finn,anchor_greedy_recall,100,,,0.0,3
gutenberg,Adventures of Huckleberry Finn,anchor_sampled_recall,100,,,0.0,2
gutenberg,The Adventures of Tom Sawyer,opening,100,332.29,3.3229,,
gutenberg,The Adventures of Tom Sawyer,deep,100,357.55,3.5755,,
gutenberg,The Adventures of Tom Sawyer,anchor_greedy_recall,100,,,0.0,1
gutenberg,The Adventures of Tom Sawyer,anchor_sampled_recall,100,,,0.0,2
gutenberg,Treasure Island,opening,100,181.14,1.8114,,
gutenberg,Treasure Island,deep,100,343.74,3.4374,,
gutenberg,Treasure Island,anchor_greedy_recall,100,,,0.0,1
gutenberg,Treasure Island,anchor_sampled_recall,100,,,0.0,1
gutenberg,Peter Pan,opening,100,283.58,2.8358,,
gutenberg,Peter Pan,deep,100,334.44,3.3444,,
gutenberg,Peter Pan,anchor_greedy_recall,100,,,0.0,2
gutenberg,Peter Pan,anchor_sampled_recall,100,,,0.0,1
gutenberg,The Wonderful Wizard of Oz,opening,100,358.87,3.5887,,
gutenberg,The Wonderful Wizard of Oz,deep,100,316.06,3.1606,,
gutenberg,The Wonderful Wizard of Oz,anchor_greedy_recall,100,,,0.0,1
gutenberg,The Wonderful Wizard of Oz,anchor_sampled_recall,100,,,0.0,1
gutenberg,Little Women,opening,100,298.1,2.981,,
gutenberg,Little Women,deep,100,336.01,3.3601,,
gutenberg,Little Women,anchor_greedy_recall,100,,,0.0,2
gutenberg,Little Women,anchor_sampled_recall,100,,,0.0,2
gutenberg,Anne of Green Gables,opening,100,341.31,3.4131,,
gutenberg,Anne of Green Gables,deep,100,325.48,3.2548,,
gutenberg,Anne of Green Gables,anchor_greedy_recall,100,,,0.0,2
gutenberg,Anne of Green Gables,anchor_sampled_recall,100,,,0.0,2
gutenberg,The Call of the Wild,opening,100,331.38,3.3138,,
gutenberg,The Call of the Wild,deep,100,363.6,3.636,,
gutenberg,The Call of the Wild,anchor_greedy_recall,100,,,0.0,2
gutenberg,The Call of the Wild,anchor_sampled_recall,100,,,0.0,2
gutenberg,The War of the Worlds,opening,100,244.87,2.4487,,
gutenberg,The War of the Worlds,deep,100,344.52,3.4452,,
gutenberg,The War of the Worlds,anchor_greedy_recall,100,,,0.0,2
gutenberg,The War of the Worlds,anchor_sampled_recall,100,,,0.0,2
gutenberg,The Time Machine,opening,100,364.34,3.6434,,
gutenberg,The Time Machine,deep,100,359.21,3.5921,,
gutenberg,The Time Machine,anchor_greedy_recall,100,,,0.0,2
gutenberg,The Time Machine,anchor_sampled_recall,100,,,0.0,2
gutenberg,The Picture of Dorian Gray,opening,100,350.55,3.5055,,
gutenberg,The Picture of Dorian Gray,deep,100,346.8,3.468,,
gutenberg,The Picture of Dorian Gray,anchor_greedy_recall,100,,,0.0,2
gutenberg,The Picture of Dorian Gray,anchor_sampled_recall,100,,,0.0,2
gutenberg,Emma,opening,100,266.69,2.6669,,
gutenberg,Emma,deep,100,328.77,3.2877,,
gutenberg,Emma,anchor_greedy_recall,100,,,0.0,2
gutenberg,Emma,anchor_sampled_recall,100,,,0.0,2
gutenberg,Sense and Sensibility,opening,100,258.49,2.5849,,
gutenberg,Sense and Sensibility,deep,100,330.85,3.3085,,
gutenberg,Sense and Sensibility,anchor_greedy_recall,100,,,0.0,2
gutenberg,Sense and Sensibility,anchor_sampled_recall,100,,,0.0,2
gutenberg,Persuasion,opening,100,393.39,3.9339,,
gutenberg,Persuasion,deep,100,357.96,3.5796,,
gutenberg,Persuasion,anchor_greedy_recall,100,,,0.0,0
gutenberg,Persuasion,anchor_sampled_recall,100,,,0.0,0
gutenberg,Northanger Abbey,opening,100,294.81,2.9481,,
gutenberg,Northanger Abbey,deep,100,351.78,3.5178,,
gutenberg,Northanger Abbey,anchor_greedy_recall,100,,,0.0,2
gutenberg,Northanger Abbey,anchor_sampled_recall,100,,,0.0,2
gutenberg,Oliver Twist,opening,100,278.35,2.7835,,
gutenberg,Oliver Twist,deep,100,307.45,3.0745,,
gutenberg,Oliver Twist,anchor_greedy_recall,100,,,0.0,0
gutenberg,Oliver Twist,anchor_sampled_recall,100,,,0.0,0
gutenberg,David Copperfield,opening,100,338.22,3.3822,,
gutenberg,David Copperfield,deep,100,281.36,2.8136,,
gutenberg,David Copperfield,anchor_greedy_recall,100,,,0.0,1
gutenberg,David Copperfield,anchor_sampled_recall,100,,,0.0,1
gutenberg,Bleak House,opening,100,336.56,3.3656,,
gutenberg,Bleak House,deep,100,347.05,3.4705,,
gutenberg,Bleak House,anchor_greedy_recall,100,,,0.0,1
gutenberg,Bleak House,anchor_sampled_recall,100,,,0.0,1
gutenberg,The Count of Monte Cristo,opening,100,370.55,3.7055,,
gutenberg,The Count of Monte Cristo,deep,100,340.83,3.4083,,
gutenberg,The Count of Monte Cristo,anchor_greedy_recall,100,,,0.0,1
gutenberg,The Count of Monte Cristo,anchor_sampled_recall,100,,,0.0,1
gutenberg,Les Miserables,opening,100,318.26,3.1826,,
gutenberg,Les Miserables,deep,100,321.1,3.211,,
gutenberg,Les Miserables,anchor_greedy_recall,100,,,0.0,0
gutenberg,Les Miserables,anchor_sampled_recall,100,,,0.0,0
gutenberg,The Odyssey,opening,100,296.8,2.968,,
gutenberg,The Odyssey,deep,100,360.1,3.601,,
gutenberg,The Odyssey,anchor_greedy_recall,100,,,0.0,0
gutenberg,The Odyssey,anchor_sampled_recall,100,,,0.0,0
gutenberg,Don Quixote,opening,100,263.12,2.6312,,
gutenberg,Don Quixote,deep,100,278.13,2.7813,,
gutenberg,Don Quixote,anchor_greedy_recall,100,,,0.0,2
gutenberg,Don Quixote,anchor_sampled_recall,100,,,0.0,1
gutenberg,Walden,opening,100,266.33,2.6633,,
gutenberg,Walden,deep,100,315.43,3.1543,,
gutenberg,Walden,anchor_greedy_recall,100,,,0.0,2
gutenberg,Walden,anchor_sampled_recall,100,,,0.0,2
gutenberg,The Scarlet Letter,opening,100,322.96,3.2296,,
gutenberg,The Scarlet Letter,deep,100,321.28,3.2128,,
gutenberg,The Scarlet Letter,anchor_greedy_recall,100,,,0.0,2
gutenberg,The Scarlet Letter,anchor_sampled_recall,100,,,0.0,2
gutenberg,The Importance of Being Earnest,opening,100,283.85,2.8385,,
gutenberg,The Importance of Being Earnest,deep,100,330.21,3.3021,,
gutenberg,The Importance of Being Earnest,anchor_greedy_recall,100,,,0.0,1
gutenberg,The Importance of Being Earnest,anchor_sampled_recall,100,,,0.0,2
gutenberg,The Prince,opening,100,261.45,2.6145,,
gutenberg,The Prince,deep,100,279.65,2.7965,,
gutenberg,The Prince,anchor_greedy_recall,100,,,0.0,2
gutenberg,The Prince,anchor_sampled_recall,100,,,0.0,2
gutenberg,Meditations,opening,100,212.46,2.1246,,
gutenberg,Meditations,deep,100,342.1,3.421,,
gutenberg,Meditations,anchor_greedy_recall,100,,,0.0,2
gutenberg,Meditations,anchor_sampled_recall,100,,,0.0,3
gutenberg,The Iliad,opening,100,242.91,2.4291,,
gutenberg,The Iliad,deep,100,290.21,2.9021,,
gutenberg,The Iliad,anchor_greedy_recall,100,,,0.0,2
gutenberg,The Iliad,anchor_sampled_recall,100,,,0.0,2
gutenberg,Grimms' Fairy Tales,opening,100,323.61,3.2361,,
gutenberg,Grimms' Fairy Tales,deep,100,309.0,3.09,,
gutenberg,Grimms' Fairy Tales,anchor_greedy_recall,100,,,0.0,0
gutenberg,Grimms' Fairy Tales,anchor_sampled_recall,100,,,0.0,0
gutenberg,Gulliver's Travels,opening,100,257.95,2.5795,,
gutenberg,Gulliver's Travels,deep,100,327.99,3.2799,,
gutenberg,Gulliver's Travels,anchor_greedy_recall,100,,,0.0,2
gutenberg,Gulliver's Travels,anchor_sampled_recall,100,,,0.0,2
gutenberg,Robinson Crusoe,opening,100,246.2,2.462,,
gutenberg,Robinson Crusoe,deep,100,319.14,3.1914,,
gutenberg,Robinson Crusoe,anchor_greedy_recall,100,,,0.0,3
gutenberg,Robinson Crusoe,anchor_sampled_recall,100,,,0.0,2
gutenberg,Ivanhoe,opening,100,324.24,3.2424,,
gutenberg,Ivanhoe,deep,100,349.7,3.497,,
gutenberg,Ivanhoe,anchor_greedy_recall,100,,,0.0,1
gutenberg,Ivanhoe,anchor_sampled_recall,100,,,0.0,1
gutenberg,The Three Musketeers,opening,100,291.23,2.9123,,
gutenberg,The Three Musketeers,deep,100,317.42,3.1742,,
gutenberg,The Three Musketeers,anchor_greedy_recall,100,,,0.0,2
gutenberg,The Three Musketeers,anchor_sampled_recall,100,,,0.0,2
gutenberg,Middlemarch,opening,100,397.19,3.9719,,
gutenberg,Middlemarch,deep,100,368.93,3.6893,,
gutenberg,Middlemarch,anchor_greedy_recall,100,,,0.0,0
gutenberg,Middlemarch,anchor_sampled_recall,100,,,0.0,0
gutenberg,Heart of Darkness,opening,100,363.68,3.6368,,
gutenberg,Heart of Darkness,deep,100,421.4,4.214,,
gutenberg,Heart of Darkness,anchor_greedy_recall,100,,,0.0,3
gutenberg,Heart of Darkness,anchor_sampled_recall,100,,,0.0,2
gutenberg,Ulysses,opening,100,364.4,3.644,,
gutenberg,Ulysses,deep,100,449.22,4.4922,,
gutenberg,Ulysses,anchor_greedy_recall,100,,,0.0,2
gutenberg,Ulysses,anchor_sampled_recall,100,,,0.0,2
gutenberg,The Secret Garden,opening,100,288.78,2.8878,,
gutenberg,The Secret Garden,deep,100,319.1,3.191,,
gutenberg,The Secret Garden,anchor_greedy_recall,100,,,0.0,2
gutenberg,The Secret Garden,anchor_sampled_recall,100,,,0.0,2
gutenberg,Black Beauty,opening,100,254.0,2.54,,
gutenberg,Black Beauty,deep,100,320.32,3.2032,,
gutenberg,Black Beauty,anchor_greedy_recall,100,,,0.0,2
gutenberg,Black Beauty,anchor_sampled_recall,100,,,0.0,2
gutenberg,Twenty Thousand Leagues under the Sea,opening,100,422.52,4.2252,,
gutenberg,Twenty Thousand Leagues under the Sea,deep,100,353.11,3.5311,,
gutenberg,Twenty Thousand Leagues under the Sea,anchor_greedy_recall,100,,,0.0,2
gutenberg,Twenty Thousand Leagues under the Sea,anchor_sampled_recall,100,,,0.0,2
gutenberg,War and Peace,opening,100,297.94,2.9794,,
gutenberg,War and Peace,deep,100,300.77,3.0077,,
gutenberg,War and Peace,anchor_greedy_recall,100,,,0.0,2
gutenberg,War and Peace,anchor_sampled_recall,100,,,0.0,1
copybench_opening,harry_potter_and_the_sorcerer's_stone,famous_first_sentence,32,88.26,2.758,,
copybench_passage,harry_potter_and_the_sorcerer's_stone,passage_same_length,32,107.6,3.3627,,
copybench_opening,1984,famous_first_sentence,16,51.05,3.1907,,
copybench_passage,1984,passage_same_length,16,71.8,4.4875,,
copybench_opening,fahrenheit_451,famous_first_sentence,7,34.16,4.8796,,
copybench_passage,fahrenheit_451,passage_same_length,7,44.22,6.3178,,
copybench_opening,hitchhiker's_guide_to_the_galaxy,famous_first_sentence,31,126.55,4.0823,,
copybench_passage,hitchhiker's_guide_to_the_galaxy,passage_same_length,31,144.69,4.6675,,
copybench_opening,the_hunger_games,famous_first_sentence,14,42.91,3.065,,
copybench_passage,the_hunger_games,passage_same_length,14,95.55,6.8252,,
copybench_opening,dune,famous_first_sentence,40,171.99,4.2996,,
copybench_passage,dune,passage_same_length,40,174.42,4.3606,,
copybench_opening,to_kill_a_mockingbird,famous_first_sentence,19,75.03,3.9488,,
copybench_passage,to_kill_a_mockingbird,passage_same_length,19,93.29,4.9101,,
copybench_opening,casino_royale,famous_first_sentence,18,79.21,4.4005,,
copybench_passage,casino_royale,passage_same_length,18,75.65,4.203,,
copybench_opening,a_game_of_thrones,famous_first_sentence,18,90.45,5.0252,,
copybench_passage,a_game_of_thrones,passage_same_length,18,85.86,4.7701,,
copybench_opening,lord_of_the_flies,famous_first_sentence,25,97.78,3.9111,,
copybench_passage,lord_of_the_flies,passage_same_length,25,98.89,3.9558,,
copybench_opening,fifty_shades_of_grey,famous_first_sentence,11,55.0,5.0,,
copybench_passage,fifty_shades_of_grey,passage_same_length,11,57.98,5.271,,
copybench_opening,the_da_vinci_code,famous_first_sentence,22,99.74,4.5338,,
copybench_passage,the_da_vinci_code,passage_same_length,22,120.92,5.4964,,
copybench_opening,things_fall_apart,famous_first_sentence,15,67.91,4.5272,,
copybench_passage,things_fall_apart,passage_same_length,15,130.03,8.669,,
copybench_opening,the_silmarillion,famous_first_sentence,50,152.82,3.0564,,
copybench_passage,the_silmarillion,passage_same_length,50,205.92,4.1183,,
copybench_opening,their_eyes_were_watching_god,famous_first_sentence,13,60.43,4.6486,,
copybench_passage,their_eyes_were_watching_god,passage_same_length,13,96.89,7.4528,,
copybench_opening,five_on_a_treasure_island,famous_first_sentence,11,53.52,4.8652,,
copybench_passage,five_on_a_treasure_island,passage_same_length,11,51.59,4.6896,,
